Heating,HeatingQC,CentralAir,Electrical,1stFlrSF,2ndFlrSF,LowQualFinSF,GrLivArea,BsmtFullBath,BsmtHalfBath,FullBath,HalfBath,BedroomAbvGr,KitchenAbvGr,KitchenQual,TotRmsAbvGrd,Functional,Fireplaces,FireplaceQu,GarageType,GarageYrBlt
0,0,0,0,856,854,0,1710,1,0,2,1,3,1,1,8,0,0,,Attchd,2003.0
0,0,0,0,1262,0,0,1262,0,1,2,0,3,1,2,6,0,1,2,Attchd,1976.0
0,0,0,0,920,866,0,1786,1,0,2,1,3,1,1,6,0,1,2,Attchd,2001.0
0,1,0,0,961,756,0,1717,1,0,1,0,3,1,1,7,0,1,1,Detchd,1998.0
0,0,0,0,1145,1053,0,2198,1,0,2,1,4,1,1,9,0,1,2,Attchd,2000.0
0,0,0,0,796,566,0,1362,1,0,1,1,1,1,2,5,0,0,,Attchd,1993.0
0,0,0,0,1694,0,0,1694,1,0,2,0,3,1,1,7,0,1,1,Attchd,2004.0
0,0,0,0,1107,983,0,2090,1,0,2,1,3,1,2,7,0,2,2,Attchd,1973.0
0,1,0,2,1022,752,0,1774,0,0,2,0,2,2,2,8,1,2,2,Detchd,1931.0
0,0,0,0,1077,0,0,1077,1,0,1,0,2,2,2,5,0,2,2,Attchd,1939.0
0,0,0,0,1040,0,0,1040,1,0,1,0,3,1,2,5,0,0,,Detchd,1965.0
0,0,0,0,1182,1142,0,2324,1,0,3,0,4,1,0,11,0,2,1,BuiltIn,2005.0
0,2,0,0,912,0,0,912,1,0,1,0,2,1,2,4,0,0,,Detchd,1962.0
0,0,0,0,1494,0,0,1494,0,0,2,0,3,1,1,7,0,1,1,Attchd,2006.0
0,2,0,0,1253,0,0,1253,1,0,1,1,2,1,2,5,0,1,3,Attchd,1960.0
0,0,0,1,854,0,0,854,0,0,1,0,2,1,2,5,0,0,,Detchd,1991.0
0,0,0,0,1004,0,0,1004,1,0,1,0,2,1,2,5,0,1,2,Attchd,1970.0
0,2,0,0,1296,0,0,1296,0,0,2,0,2,2,2,6,0,0,,CarPort,1967.0
0,0,0,0,1114,0,0,1114,1,0,1,1,3,1,1,6,0,0,,Detchd,2004.0
0,2,0,0,1339,0,0,1339,0,0,1,0,3,1,2,6,1,0,,Attchd,1958.0
0,0,0,0,1158,1218,0,2376,0,0,3,1,4,1,1,9,0,1,1,BuiltIn,2005.0
0,0,0,2,1108,0,0,1108,0,0,1,0,3,1,1,6,0,1,1,Attchd,1930.0
0,0,0,0,1795,0,0,1795,0,0,2,0,3,1,1,7,0,1,1,Attchd,2002.0
0,2,0,0,1060,0,0,1060,1,0,1,0,3,1,2,6,0,1,2,Attchd,1976.0
0,0,0,0,1060,0,0,1060,1,0,1,0,3,1,1,6,0,1,2,Attchd,1968.0
0,0,0,0,1600,0,0,1600,0,0,2,0,3,1,1,7,0,1,1,Attchd,2007.0
0,2,0,0,900,0,0,900,0,1,1,0,3,1,1,5,0,0,,Detchd,2005.0
0,0,0,0,1704,0,0,1704,1,0,2,0,3,1,1,7,0,1,1,Attchd,2008.0
0,2,0,0,1600,0,0,1600,1,0,1,0,2,1,2,6,0,2,1,Attchd,1957.0
0,3,1,0,520,0,0,520,0,0,1,0,1,1,3,4,0,0,,Detchd,1920.0
0,2,1,0,649,668,0,1317,0,0,1,0,3,1,2,6,0,0,,Detchd,1920.0
0,1,0,0,1228,0,0,1228,0,0,1,1,3,1,1,6,0,0,,Attchd,1966.0
0,0,0,0,1234,0,0,1234,0,0,2,0,3,1,1,7,0,0,,Attchd,2007.0
0,1,0,0,1700,0,0,1700,0,1,1,1,4,1,1,6,0,1,1,Attchd,1959.0
0,0,0,0,1561,0,0,1561,1,0,2,0,2,1,0,6,0,1,1,Attchd,2005.0
0,0,0,0,1132,1320,0,2452,0,0,3,1,4,1,1,9,0,1,1,BuiltIn,2004.0
0,0,0,0,1097,0,0,1097,0,0,1,1,3,1,2,6,0,0,,Attchd,1995.0
0,1,0,0,1297,0,0,1297,0,1,1,0,3,1,2,5,0,1,2,Attchd,1954.0
0,2,0,0,1057,0,0,1057,1,0,1,0,3,1,1,5,0,0,,Detchd,1953.0
0,2,1,3,1152,0,0,1152,0,0,2,0,2,2,3,6,0,0,,,
0,0,0,0,1324,0,0,1324,0,0,2,0,3,1,2,6,0,1,2,Attchd,1965.0
0,1,0,0,1328,0,0,1328,0,1,1,1,2,1,2,5,0,2,1,Attchd,1959.0
0,1,0,0,884,0,0,884,1,0,1,0,2,1,1,5,0,0,,Attchd,1983.0
0,2,0,0,938,0,0,938,1,0,1,0,3,1,2,5,0,0,,Detchd,1977.0
0,0,0,1,1150,0,0,1150,1,0,1,0,3,1,2,6,0,0,,Attchd,1959.0
0,0,0,0,1752,0,0,1752,1,0,2,0,2,1,0,6,0,1,1,Attchd,2005.0
0,0,0,0,1518,631,0,2149,1,0,1,1,1,1,1,6,0,1,0,Attchd,2003.0
0,0,0,0,1656,0,0,1656,0,0,2,0,3,1,1,7,0,0,,Attchd,2006.0
0,1,0,0,736,716,0,1452,0,0,2,0,2,3,2,8,0,0,,,
0,0,0,0,955,0,0,955,1,0,1,0,3,1,2,6,0,0,,Attchd,1966.0
0,1,0,0,794,676,0,1470,0,1,2,0,3,1,2,6,0,0,,Attchd,1997.0
0,2,0,0,816,0,360,1176,0,0,1,0,3,1,2,6,0,1,1,Detchd,1985.0
0,2,1,0,816,0,0,816,1,0,1,0,2,1,2,5,0,0,,CarPort,1963.0
0,1,0,0,1842,0,0,1842,2,0,0,1,0,1,1,5,0,1,1,Attchd,1981.0
0,2,0,0,1360,0,0,1360,0,0,1,0,3,1,2,6,1,1,2,Detchd,1962.0
0,1,0,0,1425,0,0,1425,0,0,2,0,3,1,2,7,0,1,1,Attchd,1964.0
0,0,0,0,983,756,0,1739,1,0,2,1,3,1,1,7,0,0,,Attchd,1999.0
0,0,0,0,860,860,0,1720,0,0,2,1,3,1,1,7,0,0,,Attchd,2004.0
0,0,0,0,1426,1519,0,2945,0,0,3,1,3,1,1,10,0,1,1,BuiltIn,2006.0
0,0,0,0,780,0,0,780,0,0,1,0,2,1,2,4,0,0,,Detchd,1973.0
0,0,0,0,1158,0,0,1158,1,0,1,1,3,1,1,5,0,0,,Detchd,2006.0
0,2,1,0,581,530,0,1111,0,0,1,0,3,1,3,6,0,0,,Detchd,1935.0
0,0,0,0,1370,0,0,1370,0,0,2,0,2,1,1,6,0,1,1,Attchd,2006.0
0,1,0,0,902,808,0,1710,0,0,2,0,3,1,2,9,0,0,,Detchd,1990.0
0,0,0,0,1057,977,0,2034,1,0,2,1,3,1,1,8,0,0,,Attchd,1998.0
0,0,0,0,1143,1330,0,2473,0,0,2,1,4,1,1,9,0,1,1,BuiltIn,2004.0
0,2,0,0,2207,0,0,2207,1,0,2,0,3,1,2,7,1,1,1,Attchd,1970.0
0,0,0,0,1479,0,0,1479,1,0,2,0,3,1,1,7,0,0,,Attchd,2003.0
0,2,0,0,747,0,0,747,0,0,1,0,2,1,2,4,0,0,,Attchd,1945.0
1,2,0,0,1304,983,0,2287,0,0,2,0,3,1,2,7,0,1,2,Attchd,1953.0
0,0,0,0,2223,0,0,2223,1,0,2,0,3,1,2,8,0,2,1,Attchd,1973.0
0,2,0,0,845,0,0,845,1,0,1,0,2,1,2,4,0,0,,Detchd,1987.0
0,1,0,0,885,833,0,1718,0,0,2,1,3,1,2,7,0,1,2,Attchd,1998.0
0,1,0,0,1086,0,0,1086,1,0,1,0,3,1,2,6,0,0,,Attchd,1989.0
0,1,1,0,840,765,0,1605,0,0,2,0,3,2,2,8,0,0,,Detchd,1915.0
0,2,0,0,526,462,0,988,1,0,1,0,2,1,2,5,0,0,,BuiltIn,1973.0
0,0,0,1,952,0,0,952,0,0,1,0,2,1,2,4,0,0,,Detchd,1956.0
0,2,0,0,1072,213,0,1285,1,0,1,0,2,1,2,6,1,0,,Detchd,1948.0
0,2,1,0,1768,0,0,1768,0,0,2,0,4,2,2,8,0,0,,,
0,1,0,0,682,548,0,1230,0,0,1,1,2,1,2,5,0,0,,Detchd,1966.0
0,2,0,0,1182,960,0,2142,0,0,2,1,4,1,1,8,0,1,1,Attchd,1968.0
0,0,0,0,1337,0,0,1337,1,0,2,0,2,1,2,5,0,0,,Attchd,1998.0
0,0,0,0,1563,0,0,1563,0,0,2,0,3,1,1,6,0,1,1,Attchd,2007.0
0,1,0,0,1065,0,0,1065,0,0,1,1,3,1,2,6,0,0,,Detchd,1974.0
0,1,0,0,804,670,0,1474,0,0,2,1,3,1,2,7,0,1,2,BuiltIn,1995.0
0,0,0,0,1301,1116,0,2417,0,0,2,1,4,1,1,9,0,1,2,Attchd,1991.0
0,0,0,0,684,876,0,1560,0,0,2,1,3,1,1,6,0,1,1,BuiltIn,2005.0
0,0,0,0,612,612,0,1224,0,0,2,1,2,1,1,4,0,0,,Detchd,2009.0
0,2,1,0,1013,0,513,1526,0,0,1,0,2,1,3,6,0,0,,,
0,0,0,0,990,0,0,990,1,0,1,0,3,1,2,5,0,0,,,
0,2,0,1,1040,0,0,1040,0,0,1,0,2,1,2,4,0,0,,Detchd,1950.0
0,2,0,0,1235,0,0,1235,0,0,1,0,2,1,2,6,0,0,,Attchd,1961.0
0,0,0,0,964,0,0,964,1,0,1,0,2,1,2,5,0,0,,Detchd,1921.0
1,0,1,0,1260,1031,0,2291,0,1,2,0,4,2,2,9,0,1,1,Detchd,1900.0
0,0,0,0,905,881,0,1786,1,0,2,1,3,1,1,7,0,0,,Attchd,1997.0
0,1,0,0,680,790,0,1470,0,0,2,1,3,1,2,6,0,1,2,BuiltIn,1993.0
0,0,0,0,1588,0,0,1588,0,0,2,0,3,1,1,6,0,0,,Attchd,1999.0
0,2,0,2,960,0,0,960,1,0,1,0,3,1,2,6,0,0,,Attchd,1965.0
0,3,1,0,835,0,0,835,0,0,1,0,2,1,2,5,0,0,,Basment,1920.0
0,3,0,0,1225,0,0,1225,1,0,1,1,3,1,2,6,0,0,,,
0,1,0,0,1610,0,0,1610,1,0,2,0,3,1,1,6,0,2,2,Attchd,1977.0
0,2,0,0,977,755,0,1732,0,0,2,1,3,1,1,7,0,1,2,Attchd,1985.0
0,2,0,0,1535,0,0,1535,0,0,2,0,4,2,2,8,0,0,,Attchd,1979.0
0,0,0,0,1226,0,0,1226,0,0,2,0,3,1,1,6,0,0,,Attchd,2009.0
0,0,0,2,1226,592,0,1818,0,0,1,1,4,1,2,7,0,2,2,Detchd,1951.0
0,0,0,0,1053,939,0,1992,0,0,2,1,3,1,1,9,0,1,1,Attchd,2003.0
0,1,0,0,1047,0,0,1047,0,0,1,0,2,1,2,6,0,0,,Detchd,1954.0
0,0,0,0,789,0,0,789,0,0,1,0,2,1,2,5,0,0,,Detchd,1948.0
1,2,1,2,997,520,0,1517,0,0,2,0,3,1,3,7,0,0,,,
0,0,0,0,1844,0,0,1844,0,0,2,0,3,1,2,7,0,1,2,Attchd,1977.0
0,1,0,0,1216,639,0,1855,0,0,2,0,4,1,2,7,0,0,,Attchd,1954.0
0,0,0,0,774,656,0,1430,0,0,2,1,3,1,2,7,0,1,2,BuiltIn,2000.0
0,0,0,0,1282,1414,0,2696,1,0,2,1,4,1,0,10,0,1,1,BuiltIn,2007.0
0,2,0,0,2259,0,0,2259,1,0,2,0,3,1,1,7,0,2,1,Basment,1953.0
0,0,0,0,1436,884,0,2320,1,0,2,1,3,1,1,9,0,1,2,Detchd,1945.0
0,1,0,0,729,729,0,1458,0,0,2,1,2,1,2,5,0,1,3,Detchd,1999.0
0,2,0,0,1092,0,0,1092,0,1,1,0,3,1,2,6,0,1,4,Attchd,1962.0
0,1,0,0,1125,0,0,1125,0,0,1,1,2,1,2,5,0,0,,Attchd,2007.0
0,1,0,0,1699,1523,0,3222,1,0,3,0,5,1,1,11,0,2,2,Attchd,1990.0
0,0,0,0,728,728,0,1456,0,0,2,1,3,1,1,8,0,1,1,Attchd,2005.0
0,0,0,0,988,0,0,988,1,0,1,0,1,1,2,4,0,2,2,Attchd,1969.0
0,1,0,0,772,351,0,1123,0,0,1,0,3,1,2,4,0,0,,Detchd,1979.0
0,1,0,0,1080,0,0,1080,0,0,1,0,3,1,2,5,0,0,,Attchd,1958.0
0,0,0,0,1199,0,0,1199,0,0,2,0,2,1,1,5,0,0,,Attchd,1993.0
0,2,0,0,1586,0,0,1586,0,0,2,0,3,1,2,7,0,1,2,Attchd,1979.0
0,1,1,0,520,0,234,754,1,0,1,0,2,1,2,5,0,0,,,
0,2,0,0,958,0,0,958,0,0,2,0,2,1,2,5,0,1,2,Attchd,1977.0
0,0,0,0,840,0,0,840,0,0,1,0,3,1,2,5,0,1,2,,
0,2,0,0,660,688,0,1348,0,0,1,1,3,1,2,6,0,1,3,Attchd,1966.0
0,2,0,1,1053,0,0,1053,0,1,1,1,3,1,0,6,0,0,,2Types,1998.0
0,0,0,0,1216,941,0,2157,0,0,2,1,4,1,1,8,0,2,1,Attchd,1966.0
0,0,0,0,1022,1032,0,2054,1,0,2,1,3,1,1,7,0,1,2,BuiltIn,2000.0
0,1,0,0,1327,0,0,1327,1,0,1,0,3,1,1,7,0,0,,Detchd,1974.0
0,0,0,0,1296,0,0,1296,1,0,2,0,2,1,1,6,0,0,,Attchd,2001.0
0,1,0,0,1721,0,0,1721,0,0,2,1,3,1,2,7,1,1,2,Attchd,1968.0
0,1,0,0,1682,0,0,1682,0,0,2,0,3,1,2,7,0,1,1,Attchd,1970.0
0,2,0,0,1214,0,0,1214,0,0,2,0,3,1,2,5,0,1,3,Attchd,1967.0
0,1,0,0,1959,0,0,1959,0,0,3,0,5,2,2,9,0,0,,2Types,1989.0
0,0,0,0,1004,848,0,1852,0,0,2,1,3,1,1,7,0,2,2,Attchd,1999.0
0,0,0,0,928,836,0,1764,1,0,2,1,3,1,1,7,0,0,,Attchd,1997.0
0,2,0,0,864,0,0,864,0,0,1,0,3,1,2,5,0,1,4,,
0,0,0,0,1734,0,0,1734,1,0,2,0,3,1,1,7,0,0,,Attchd,2005.0
0,3,0,0,910,475,0,1385,0,0,2,0,4,1,2,6,0,0,,Detchd,2000.0
0,0,0,0,1501,0,0,1501,1,0,2,0,3,1,1,6,0,0,,Attchd,1999.0
0,2,0,0,1728,0,0,1728,1,0,2,0,6,2,2,10,0,0,,Detchd,1963.0
0,0,0,0,970,739,0,1709,0,0,2,0,3,1,1,7,4,0,,Detchd,2004.0
0,2,0,1,875,0,0,875,1,0,1,0,2,1,2,5,0,0,,Detchd,1931.0
0,0,0,0,884,1151,0,2035,0,0,2,1,3,1,1,8,0,1,1,BuiltIn,2001.0
0,0,0,0,1080,0,0,1080,1,0,1,0,3,1,1,6,0,0,,,
0,1,0,1,896,448,0,1344,0,0,1,0,3,1,2,7,0,0,,Detchd,1936.0
0,2,0,0,969,0,0,969,0,0,1,1,3,1,2,5,0,0,,Attchd,1975.0
0,0,0,0,1710,0,0,1710,1,0,2,0,2,1,1,6,0,1,1,Attchd,2007.0
0,1,0,0,1097,896,0,1993,0,0,2,1,4,1,2,8,0,1,1,Attchd,1971.0
0,1,0,0,1252,0,0,1252,1,0,1,0,1,1,2,4,0,1,1,Attchd,1960.0
0,2,0,1,1200,0,0,1200,0,0,1,0,4,1,2,7,0,0,,Detchd,1923.0
Grav,3,1,2,572,524,0,1096,0,0,1,0,2,1,2,5,0,0,,,
0,2,0,2,1040,0,0,1040,0,0,1,0,2,1,2,5,0,0,,Detchd,1950.0
0,0,0,0,774,1194,0,1968,0,0,2,1,4,1,0,8,0,1,1,BuiltIn,2009.0
0,0,0,0,991,956,0,1947,0,0,2,1,3,1,1,8,0,1,1,Attchd,2004.0
0,0,0,0,1392,1070,0,2462,1,0,2,1,4,1,1,9,0,1,1,Attchd,2006.0
0,2,0,0,1232,0,0,1232,0,0,2,0,3,1,2,6,0,0,,Attchd,1984.0
0,0,0,0,1572,1096,0,2668,1,0,2,1,3,1,0,10,0,2,1,BuiltIn,2003.0
0,0,0,0,1541,0,0,1541,0,0,2,0,3,1,1,7,0,1,1,Attchd,2005.0
0,0,0,0,882,0,0,882,0,0,1,0,1,1,2,4,0,0,,,
0,1,0,1,1149,467,0,1616,0,0,2,0,3,1,1,5,0,0,,Detchd,1926.0
0,1,0,0,808,547,0,1355,1,0,2,0,4,2,2,6,0,0,,,
0,0,0,1,1867,0,0,1867,1,0,1,0,2,1,2,7,0,3,1,Attchd,1955.0
0,0,0,0,1610,551,0,2161,1,0,1,1,3,1,0,8,0,1,1,Attchd,2007.0
0,0,0,0,840,880,0,1720,0,0,2,1,3,1,1,7,0,1,1,Attchd,2004.0
0,2,0,0,1707,0,0,1707,0,0,2,1,2,1,2,6,0,1,2,Attchd,1981.0
0,2,0,0,854,0,528,1382,0,0,1,1,2,1,2,7,0,0,,Detchd,1991.0
0,3,0,0,1656,0,0,1656,1,0,1,0,3,1,2,7,0,2,1,Attchd,1960.0
0,1,0,0,1064,703,0,1767,1,0,2,0,2,1,1,5,0,1,2,Attchd,1987.0
0,2,0,0,1362,0,0,1362,1,0,1,1,3,1,2,6,0,1,2,Attchd,1961.0
0,2,0,0,1651,0,0,1651,1,0,2,0,3,1,2,7,2,1,2,Attchd,1986.0
0,2,0,0,2158,0,0,2158,1,0,2,0,4,1,1,7,0,1,1,Attchd,1950.0
0,2,0,0,1164,896,0,2060,0,1,2,1,4,1,2,8,0,1,2,Attchd,1988.0
0,0,0,0,1252,668,0,1920,1,0,2,0,4,1,1,8,0,1,1,Attchd,1958.0
0,0,0,0,2234,0,0,2234,1,0,2,0,1,1,0,9,0,1,1,Attchd,2009.0
0,2,0,0,968,0,0,968,0,0,1,0,2,1,2,5,0,0,,Detchd,1935.0
0,0,0,0,769,756,0,1525,0,0,2,1,3,1,1,5,0,1,2,Detchd,2000.0
0,1,0,0,901,901,0,1802,0,0,1,1,4,1,2,9,0,1,1,Detchd,1920.0
0,0,0,0,1340,0,0,1340,0,0,1,0,3,1,2,7,0,1,1,Attchd,1957.0
0,0,0,0,1362,720,0,2082,0,0,2,1,3,1,1,6,3,0,,Detchd,2003.0
0,1,0,0,936,316,0,1252,0,0,1,0,3,1,2,5,0,0,,Attchd,1986.0
0,0,0,0,1518,1518,572,3608,0,0,2,1,4,1,0,12,0,2,2,Detchd,1993.0
0,0,0,0,1217,0,0,1217,1,0,2,0,3,1,1,6,0,0,,Attchd,1990.0
0,0,0,0,808,704,144,1656,0,0,2,1,3,1,2,8,2,0,,Detchd,1916.0
0,2,0,0,1224,0,0,1224,2,0,0,2,2,2,2,6,0,2,2,Detchd,1979.0
0,0,0,0,1593,0,0,1593,1,0,1,1,0,1,0,5,0,1,1,Attchd,2001.0
0,2,0,0,1549,1178,0,2727,0,0,2,1,3,1,1,10,4,2,2,Detchd,1932.0
0,1,0,0,725,754,0,1479,1,0,1,1,4,1,1,7,0,0,,Attchd,1972.0
0,0,0,0,1431,0,0,1431,1,0,2,0,3,1,1,6,0,0,,Attchd,1999.0
0,0,0,0,970,739,0,1709,0,0,2,0,3,1,1,7,4,0,,Detchd,2004.0
0,2,0,0,864,0,0,864,0,0,1,0,3,1,2,5,0,0,,Detchd,1989.0
0,2,0,0,855,601,0,1456,0,0,2,1,3,1,2,7,0,1,2,Attchd,1976.0
0,0,0,0,1726,0,0,1726,1,0,2,0,3,1,0,8,0,1,1,Attchd,2007.0
0,1,0,0,1360,1360,392,3112,1,1,2,0,4,1,1,8,0,1,0,Detchd,1918.0
0,0,0,0,929,929,371,2229,0,0,1,0,5,1,2,8,0,0,,,
0,0,0,0,1713,0,0,1713,1,0,2,0,3,1,0,7,0,1,1,Attchd,2004.0
0,0,0,0,1121,0,0,1121,0,0,2,0,2,1,2,5,0,0,,Attchd,2003.0
0,2,0,0,1279,0,0,1279,0,1,2,0,3,1,2,6,0,2,3,Detchd,1980.0
0,1,0,0,865,445,0,1310,0,0,2,0,2,1,2,6,1,0,,Attchd,1924.0
0,0,0,0,848,0,0,848,1,0,1,0,1,1,1,3,0,1,1,Attchd,2004.0
0,2,0,0,720,564,0,1284,0,0,1,1,2,1,2,5,0,0,,Detchd,1948.0
0,0,0,0,1442,0,0,1442,0,0,2,0,3,1,2,5,0,0,,Attchd,1990.0
0,2,0,0,1696,0,0,1696,0,0,1,1,3,1,2,8,2,1,2,Attchd,1962.0
0,2,0,0,1100,0,0,1100,1,0,1,0,3,1,2,6,0,1,4,Attchd,1960.0
0,0,0,0,1180,882,0,2062,1,0,2,1,3,1,2,7,0,1,1,Attchd,1988.0
0,0,0,0,1092,0,0,1092,1,0,1,0,3,1,2,6,0,0,,Attchd,1964.0
0,2,1,1,864,0,0,864,1,0,1,0,2,1,2,5,0,0,,,
0,0,0,0,1212,0,0,1212,0,0,2,0,3,1,1,6,0,0,,Attchd,2009.0
0,0,0,0,932,920,0,1852,1,0,2,1,3,1,1,7,0,1,2,Attchd,2009.0
0,0,0,0,990,0,0,990,0,1,1,0,3,1,2,5,0,0,,Attchd,1996.0
0,0,0,0,689,703,0,1392,0,0,1,1,3,1,2,6,0,0,,Attchd,1977.0
0,2,0,0,1236,0,0,1236,0,1,1,0,2,1,1,6,1,1,3,Attchd,1957.0
0,0,0,0,1436,0,0,1436,1,0,2,0,3,1,1,8,0,0,,Attchd,2004.0
0,3,1,0,810,518,0,1328,0,0,1,0,3,1,2,8,0,0,,Detchd,1940.0
0,0,0,0,1137,817,0,1954,0,1,1,1,3,1,1,8,0,2,2,Attchd,1939.0
0,0,0,0,1248,0,0,1248,0,0,2,0,2,1,1,5,0,0,,Attchd,2005.0
0,0,0,0,1498,0,0,1498,0,0,2,0,2,1,1,5,0,0,,Attchd,2006.0
0,0,0,0,1010,1257,0,2267,0,0,2,1,4,1,1,8,0,1,2,BuiltIn,2002.0
0,2,0,0,811,741,0,1552,1,0,2,1,3,1,2,6,0,1,2,Attchd,1975.0
0,1,0,0,864,0,0,864,0,0,1,0,2,1,2,4,0,0,,Detchd,1989.0
0,0,0,0,2392,0,0,2392,0,0,2,0,3,1,0,8,0,1,0,Attchd,2003.0
0,2,0,0,630,672,0,1302,0,0,2,1,3,1,2,6,0,0,,Detchd,1991.0
0,0,0,0,1214,1306,0,2520,0,0,2,1,4,1,1,9,0,1,2,Attchd,1995.0
0,2,0,0,483,504,0,987,0,0,1,1,2,1,2,5,0,0,,Detchd,1987.0
0,2,0,0,912,0,0,912,0,0,1,0,3,1,2,5,0,1,3,Detchd,1974.0
0,0,0,0,1555,0,0,1555,0,0,2,0,2,1,1,7,0,1,2,Attchd,2005.0
0,2,0,0,1194,0,0,1194,1,0,1,0,3,1,2,6,0,0,,Attchd,1959.0
0,0,0,0,1490,1304,0,2794,1,0,2,1,4,1,0,9,0,1,2,Attchd,1995.0
0,2,0,0,483,504,0,987,0,0,1,1,2,1,2,5,0,1,4,Attchd,1972.0
0,2,0,0,894,0,0,894,1,0,1,0,3,1,2,5,0,0,,Attchd,1976.0
0,0,0,0,860,1100,0,1960,1,0,2,1,4,1,1,8,0,2,2,BuiltIn,2002.0
0,2,0,0,483,504,0,987,0,0,1,1,2,1,2,5,0,0,,Detchd,1971.0
0,0,0,0,1414,0,0,1414,0,0,2,0,3,1,1,6,0,0,,Attchd,2004.0
0,0,0,0,1014,730,0,1744,0,0,2,1,3,1,1,7,0,0,,Attchd,1993.0
0,0,0,0,1694,0,0,1694,0,0,2,0,3,1,1,7,0,0,,Attchd,2007.0
0,2,0,1,798,689,0,1487,0,0,1,1,3,1,2,7,0,1,1,Detchd,1949.0
0,0,0,0,1566,0,0,1566,1,0,2,0,3,1,1,7,0,0,,Attchd,2008.0
0,1,0,0,866,0,0,866,0,0,1,0,2,1,1,4,0,0,,,
0,1,1,1,889,551,0,1440,0,0,1,0,3,1,2,6,0,0,,Attchd,1940.0
0,2,0,0,626,591,0,1217,0,0,1,1,3,1,2,6,0,1,2,Attchd,1980.0
0,0,0,0,1222,888,0,2110,1,0,2,1,3,1,1,8,0,2,3,Attchd,1994.0
0,1,0,0,1872,0,0,1872,0,1,2,0,3,1,2,6,0,1,2,Attchd,1988.0
0,1,1,3,908,1020,0,1928,0,0,2,0,4,2,3,9,0,0,,Detchd,1910.0
0,0,0,0,1375,0,0,1375,0,0,1,0,2,1,2,5,0,1,2,Attchd,1954.0
0,0,0,0,840,828,0,1668,0,0,2,1,3,1,1,8,0,0,,Attchd,2003.0
0,1,0,0,1444,700,0,2144,0,1,2,0,4,1,1,7,0,2,2,Attchd,1958.0
0,0,0,0,1306,0,0,1306,0,0,1,0,3,1,3,6,3,0,,,
0,0,0,0,1625,0,0,1625,1,1,2,0,2,1,1,5,0,1,1,Attchd,2006.0
0,0,0,0,798,842,0,1640,0,0,2,1,3,1,1,6,0,0,,Attchd,2004.0
0,0,0,0,1302,0,0,1302,0,1,2,0,3,1,1,7,1,0,,Attchd,1964.0
0,2,0,0,1314,0,0,1314,1,0,1,0,3,1,2,5,0,0,,Attchd,1957.0
0,0,0,0,1005,1286,0,2291,0,0,2,1,4,1,1,8,0,1,2,BuiltIn,1999.0
0,0,0,0,864,864,0,1728,0,0,2,1,3,1,1,7,0,0,,Attchd,2003.0
0,0,0,0,1604,0,0,1604,1,0,2,1,3,1,1,8,0,1,1,Attchd,2006.0
0,0,0,0,963,829,0,1792,0,0,2,1,3,1,1,7,0,1,2,Attchd,2001.0
0,1,0,1,882,0,0,882,0,0,1,0,2,1,2,4,0,0,,Detchd,1956.0
0,2,0,0,1382,0,0,1382,1,0,1,0,3,1,2,6,0,1,2,Attchd,1991.0
0,0,0,0,1482,1092,0,2574,0,0,2,1,3,1,0,10,0,1,1,BuiltIn,2007.0
0,2,0,0,1212,0,0,1212,1,0,1,0,3,1,2,6,0,1,2,Attchd,1978.0
0,2,0,0,926,0,390,1316,1,0,1,0,3,1,2,6,0,0,,Detchd,1974.0
0,1,1,3,764,0,0,764,0,0,1,0,2,1,2,4,0,0,,Detchd,1965.0
0,2,0,0,1422,0,0,1422,0,0,2,0,3,1,1,7,0,1,2,Attchd,1981.0
0,1,0,0,802,709,0,1511,1,0,2,1,3,1,2,8,0,1,2,Attchd,1997.0
0,0,0,0,1052,720,420,2192,0,0,2,1,4,1,1,8,0,1,1,Detchd,1939.0
0,0,0,0,778,0,0,778,0,0,1,0,2,1,2,4,0,1,1,Detchd,1966.0
0,2,0,0,1113,0,0,1113,1,0,1,1,3,1,2,6,0,1,3,Attchd,1987.0
0,1,0,0,1095,844,0,1939,0,0,2,1,3,1,1,8,0,1,1,Attchd,2006.0
0,0,0,0,1363,0,0,1363,1,0,1,0,2,1,2,5,3,2,2,Attchd,1954.0
0,0,0,0,1164,1106,0,2270,0,0,2,1,4,1,1,9,0,1,1,Attchd,1999.0
0,1,0,0,1632,0,0,1632,1,0,2,0,3,1,2,6,1,1,1,Attchd,1958.0
0,2,0,0,816,0,0,816,0,0,1,0,2,1,2,5,0,0,,Attchd,1982.0
1,1,1,0,952,596,0,1548,0,0,2,1,3,1,0,5,0,0,,Detchd,1978.0
0,0,0,0,1560,0,0,1560,0,0,2,0,3,1,1,7,0,0,,Attchd,2003.0
0,0,0,0,864,0,0,864,0,0,1,0,2,1,2,4,0,0,,Detchd,1951.0
0,0,0,0,2121,0,0,2121,0,0,2,1,3,1,0,8,0,1,0,Attchd,2007.0
0,0,0,0,1156,866,0,2022,0,0,2,1,4,1,2,8,0,1,2,Attchd,1977.0
0,1,0,0,1175,807,0,1982,0,0,2,1,3,1,1,7,0,1,2,Attchd,1989.0
0,1,0,0,1262,0,0,1262,0,0,2,0,2,1,1,5,0,0,,Attchd,2006.0
0,0,0,0,1314,0,0,1314,1,0,2,0,2,1,1,6,0,1,1,Attchd,2008.0
0,0,0,0,1468,0,0,1468,0,0,2,0,3,1,1,6,0,1,1,Attchd,2008.0
0,1,0,0,1575,0,0,1575,1,0,2,0,2,1,1,5,0,0,,Attchd,1992.0
0,0,0,0,625,625,0,1250,0,0,2,1,2,1,1,5,0,0,,Detchd,2006.0
0,2,0,0,1085,649,0,1734,0,0,1,1,3,1,1,7,0,1,1,Attchd,1962.0
0,2,0,0,858,0,0,858,0,0,1,0,3,1,2,5,0,0,,,
0,2,0,0,900,0,0,900,0,0,1,0,3,1,2,5,0,0,,Detchd,1970.0
0,0,0,1,698,698,0,1396,0,0,1,0,3,1,2,7,0,0,,Detchd,2003.0
0,0,0,0,1079,840,0,1919,0,0,2,1,3,1,1,8,0,1,1,Attchd,2006.0
0,0,1,0,936,780,0,1716,1,0,2,0,6,1,3,9,0,0,,,
0,1,0,0,1148,568,0,1716,0,0,1,1,3,1,2,8,2,1,1,Attchd,1949.0
0,3,0,0,1468,795,0,2263,1,0,2,1,3,1,1,9,0,1,2,Attchd,1977.0
0,2,0,0,1644,0,0,1644,1,0,1,0,3,1,2,7,0,2,1,Attchd,1953.0
0,2,0,0,1003,0,0,1003,1,0,1,0,3,1,2,6,0,0,,Detchd,1984.0
0,2,0,1,910,648,0,1558,0,0,1,1,4,1,2,6,0,0,,Attchd,1950.0
0,0,0,0,975,975,0,1950,0,0,2,1,3,1,1,7,0,1,2,Detchd,1997.0
0,1,0,0,1041,702,0,1743,0,1,1,2,3,1,2,7,0,1,1,Attchd,1968.0
0,0,0,0,1152,0,0,1152,0,1,1,0,3,1,1,6,0,1,1,Attchd,1950.0
0,2,0,0,1336,0,0,1336,1,0,1,0,2,1,2,5,0,2,1,Attchd,1953.0
0,0,0,0,1210,1242,0,2452,0,0,2,1,4,1,1,9,0,1,2,BuiltIn,1998.0
0,0,0,0,1541,0,0,1541,0,0,2,0,3,1,1,6,0,1,2,Attchd,2001.0
0,2,0,0,894,0,0,894,1,0,1,0,3,1,2,5,0,0,,Attchd,1975.0
0,0,0,0,1675,1818,0,3493,0,0,3,0,3,1,1,10,0,1,0,Attchd,2003.0
0,0,0,0,2000,0,0,2000,1,0,2,0,3,1,1,8,0,0,,Attchd,2004.0
0,1,0,0,1122,1121,0,2243,1,0,2,1,4,1,1,8,0,1,2,Attchd,1990.0
0,2,0,1,1035,371,0,1406,0,0,1,0,3,1,3,6,0,0,,,
0,0,0,0,861,0,0,861,0,0,1,0,1,1,2,4,0,0,,Detchd,1961.0
0,0,0,0,1944,0,0,1944,1,0,2,0,3,1,0,8,0,3,0,Attchd,2003.0
0,1,0,0,697,804,0,1501,0,0,2,1,3,1,1,6,0,1,2,Attchd,1993.0
0,0,0,0,972,0,0,972,1,0,1,0,2,1,2,5,0,1,1,Detchd,1948.0
0,2,0,0,793,325,0,1118,1,0,1,0,3,1,2,5,0,1,1,Detchd,1939.0
1,2,0,0,2036,0,0,2036,2,0,2,0,3,1,2,8,0,2,1,Attchd,1965.0
0,0,0,0,832,809,0,1641,0,1,1,1,3,1,0,6,0,1,1,Detchd,1925.0
0,0,0,0,716,716,0,1432,1,0,2,1,3,1,1,6,0,1,1,Attchd,2004.0
0,2,0,0,1153,1200,0,2353,1,0,2,1,4,1,0,10,0,1,2,Attchd,1983.0
0,0,0,0,1088,871,0,1959,0,0,2,1,3,1,1,8,0,1,1,Attchd,2006.0
0,0,0,0,1372,1274,0,2646,1,0,2,1,4,1,1,9,0,1,2,Attchd,1993.0
0,2,0,0,1472,0,0,1472,1,0,2,0,3,1,2,6,0,2,2,Attchd,1980.0
0,0,0,0,1249,1347,0,2596,0,0,3,1,4,1,1,9,0,0,,Attchd,2006.0
0,0,0,0,1136,1332,0,2468,1,0,2,1,4,1,1,10,0,1,1,BuiltIn,2004.0
0,0,0,0,1553,1177,0,2730,1,0,2,1,4,1,1,8,0,1,2,Attchd,1987.0
0,0,0,0,1163,0,0,1163,1,0,1,0,3,1,2,6,0,0,,Attchd,1955.0
0,0,0,0,1898,1080,0,2978,0,0,2,1,5,1,1,11,0,1,1,BuiltIn,1961.0
0,4,1,2,803,0,0,803,0,0,1,0,2,1,2,5,0,0,,Detchd,1941.0
0,0,0,0,1719,0,0,1719,2,0,1,1,1,1,1,6,0,2,1,Attchd,1993.0
0,2,0,0,1383,0,0,1383,0,0,1,1,3,1,2,7,0,0,,Attchd,1960.0
0,1,1,1,1445,689,0,2134,0,0,2,0,5,1,1,10,0,0,,Detchd,1930.0
0,2,1,0,596,596,0,1192,0,0,1,0,3,1,2,6,0,0,,Detchd,1920.0
0,2,0,0,1728,0,0,1728,0,1,2,0,6,2,2,10,0,0,,Detchd,2002.0
0,3,0,0,1056,0,0,1056,1,0,1,0,3,1,2,6,0,0,,Attchd,1958.0
0,0,0,0,1629,0,0,1629,1,0,2,0,3,1,1,7,0,1,1,Attchd,2003.0
0,0,0,0,1358,0,0,1358,1,0,2,0,2,1,1,6,0,1,1,Attchd,2004.0
0,1,0,0,943,695,0,1638,1,0,2,1,3,1,2,7,0,2,2,Attchd,1998.0
0,0,0,0,1619,167,0,1786,2,0,2,0,3,1,2,7,0,2,1,Attchd,1965.0
0,0,0,0,1922,0,0,1922,1,0,2,0,3,1,1,8,0,1,1,Attchd,2005.0
0,0,0,0,1536,0,0,1536,1,0,2,0,3,1,1,7,0,0,,Attchd,2002.0
0,0,0,0,1621,0,0,1621,1,0,2,0,3,1,1,8,0,0,,Attchd,1984.0
0,2,0,1,1215,0,0,1215,0,0,1,0,3,1,2,6,0,0,,Attchd,1958.0
0,0,0,0,993,915,0,1908,0,0,2,1,4,1,1,9,0,0,,Attchd,2002.0
0,1,0,0,841,0,0,841,0,0,1,0,2,1,2,4,0,0,,CarPort,1950.0
3,3,1,1,1040,0,0,1040,0,0,2,0,2,2,2,6,0,0,,Detchd,1949.0
0,0,0,0,1684,0,0,1684,0,0,2,0,2,1,0,6,0,1,0,Attchd,2005.0
0,2,0,0,536,576,0,1112,0,0,1,1,3,1,2,4,0,0,,Attchd,1976.0
0,1,0,0,972,605,0,1577,0,0,1,0,3,1,3,6,0,1,1,Detchd,1939.0
0,2,0,0,958,0,0,958,0,0,1,0,2,1,2,5,0,0,,Attchd,1960.0
0,0,0,1,1478,0,0,1478,1,0,2,0,3,1,2,6,0,2,1,Attchd,1960.0
0,0,0,0,764,862,0,1626,1,0,2,1,2,1,1,6,0,0,,BuiltIn,2003.0
0,0,0,0,1848,880,0,2728,1,0,2,1,4,1,0,10,0,2,0,Attchd,2006.0
0,0,0,0,1869,0,0,1869,0,0,2,0,2,1,0,6,0,1,1,Attchd,2007.0
0,1,0,0,1453,0,0,1453,1,0,1,1,2,1,1,6,0,1,2,Attchd,1986.0
0,2,1,0,616,495,0,1111,0,1,1,0,3,1,2,5,0,0,,Detchd,1941.0
0,1,0,0,720,0,0,720,0,0,1,0,2,1,2,5,0,0,,Detchd,2005.0
0,0,0,0,1192,403,0,1595,0,0,1,0,2,1,2,6,0,2,1,Attchd,1940.0
0,0,0,0,1200,0,0,1200,1,0,2,0,3,1,1,6,0,0,,Attchd,1995.0
0,1,0,0,1167,0,0,1167,1,0,2,0,3,1,1,6,0,0,,Attchd,1992.0
0,2,0,0,1142,0,0,1142,1,0,1,1,3,1,2,6,0,1,4,Attchd,1976.0
0,0,0,2,1352,0,0,1352,0,1,1,0,3,1,1,6,2,0,,BuiltIn,1958.0
0,0,0,0,1086,838,0,1924,1,0,2,1,3,1,1,7,0,1,2,Attchd,1998.0
0,0,0,0,912,0,0,912,1,0,1,0,2,1,2,5,0,1,2,Attchd,1978.0
0,1,0,0,988,517,0,1505,1,0,1,0,3,1,2,8,0,0,,Detchd,1940.0
0,0,0,0,495,1427,0,1922,0,0,3,0,4,1,1,7,0,1,0,BuiltIn,2003.0
0,1,0,0,483,504,0,987,0,0,1,1,2,1,1,5,0,0,,Detchd,1972.0
0,2,0,0,790,784,0,1574,1,0,2,1,3,1,2,6,0,1,2,Attchd,1976.0
0,1,0,1,672,672,0,1344,0,0,1,0,3,1,2,6,0,0,,Detchd,1964.0
0,1,0,0,1394,0,0,1394,1,0,1,1,3,1,2,6,0,2,1,Attchd,1963.0
0,1,0,0,1431,0,0,1431,0,1,1,0,3,1,2,6,0,1,1,Basment,1962.0
0,1,0,0,1268,0,0,1268,0,0,1,0,2,1,2,7,0,1,1,Attchd,1954.0
0,0,0,0,1287,0,0,1287,1,0,1,0,3,1,1,7,0,1,1,Detchd,1997.0
0,0,0,0,953,711,0,1664,0,0,2,1,3,1,2,7,0,1,2,Attchd,2000.0
0,2,0,0,1120,468,0,1588,0,0,2,0,4,1,2,7,2,1,1,Detchd,1991.0
0,2,0,0,752,0,0,752,1,0,1,0,2,1,2,4,0,0,,Attchd,1984.0
0,2,0,0,1319,0,0,1319,1,0,1,0,3,1,2,5,2,0,,Attchd,1953.0
0,0,0,0,847,1081,0,1928,0,0,2,1,4,1,1,8,0,1,1,BuiltIn,2003.0
0,1,1,1,904,0,0,904,1,0,0,1,1,1,3,4,4,0,,,
0,0,0,0,914,0,0,914,0,0,1,0,2,1,2,5,0,0,,Detchd,1998.0
0,0,0,0,1580,886,0,2466,0,0,3,0,4,1,1,8,0,1,1,Attchd,2004.0
0,0,0,0,1856,0,0,1856,1,0,1,1,1,1,0,8,0,1,0,Attchd,2010.0
0,0,0,0,1007,793,0,1800,0,0,2,1,3,1,2,7,0,1,2,Attchd,2000.0
0,2,0,0,1026,665,0,1691,0,0,2,0,3,1,1,6,0,1,1,Detchd,1924.0
0,0,0,0,1301,0,0,1301,1,0,2,0,2,1,1,5,0,1,1,Attchd,2006.0
0,0,0,0,939,858,0,1797,0,0,2,1,3,1,1,8,0,0,,Attchd,2006.0
0,2,1,1,784,0,0,784,0,0,1,0,2,1,2,5,0,0,,Detchd,1950.0
0,0,0,0,1079,874,0,1953,1,0,2,1,3,1,1,9,0,2,3,Attchd,1992.0
0,0,0,0,1269,0,0,1269,0,0,2,0,2,1,1,6,0,1,2,Attchd,2004.0
0,2,0,0,658,526,0,1184,0,0,1,0,5,1,2,8,0,0,,,
0,0,0,0,1125,0,0,1125,1,0,1,0,3,1,2,6,0,1,3,Detchd,1977.0
0,0,0,0,1479,0,0,1479,0,0,2,0,3,1,1,6,0,0,,Attchd,1999.0
0,0,0,0,1742,590,0,2332,1,0,2,1,3,1,0,9,0,1,0,BuiltIn,2008.0
0,0,0,0,961,406,0,1367,1,0,1,0,4,1,2,7,0,0,,Detchd,1978.0
0,0,0,0,804,1157,0,1961,1,0,2,1,3,1,1,7,0,1,2,BuiltIn,2001.0
0,2,0,0,882,0,0,882,0,0,1,0,3,1,2,5,0,0,,Attchd,1959.0
0,2,0,1,788,0,0,788,0,0,1,0,2,1,2,4,0,2,2,,
0,1,0,1,735,299,0,1034,0,0,1,0,2,1,2,5,0,0,,Detchd,1940.0
0,2,0,0,1144,0,0,1144,1,0,1,0,3,1,2,6,0,0,,Attchd,1956.0
0,2,0,0,894,0,0,894,0,0,1,0,2,1,2,6,0,0,,Detchd,1985.0
0,2,0,0,876,936,0,1812,0,0,2,0,4,1,2,8,0,1,2,Attchd,1962.0
0,1,0,4,1077,0,0,1077,0,0,1,0,2,1,2,6,5,0,,Detchd,1920.0
0,0,0,0,1112,438,0,1550,1,0,2,0,2,1,1,7,0,0,,Attchd,2007.0
0,0,0,0,1288,0,0,1288,1,0,1,1,1,1,0,4,0,2,1,Attchd,1996.0
0,0,0,0,1310,0,0,1310,0,0,2,0,3,1,1,6,0,1,1,Attchd,2005.0
0,0,0,0,672,0,0,672,0,0,1,0,2,1,2,4,0,0,,Detchd,1940.0
0,1,0,0,1165,1098,0,2263,0,0,2,1,4,1,1,10,0,1,2,BuiltIn,1998.0
0,1,0,0,806,766,0,1572,0,0,2,1,3,1,2,7,0,1,2,BuiltIn,1995.0
0,0,0,0,1620,0,0,1620,1,0,2,0,3,1,2,8,1,1,2,Attchd,1993.0
0,0,0,1,1166,0,473,1639,0,0,1,0,3,1,2,6,5,0,,Detchd,1936.0
0,0,0,0,840,840,0,1680,0,0,2,0,4,1,2,8,0,0,,Attchd,1960.0
0,0,0,0,1071,1101,0,2172,0,0,2,1,3,1,1,9,0,1,1,Attchd,2006.0
0,0,0,0,1050,1028,0,2078,1,0,2,1,3,1,0,8,0,1,1,Attchd,2008.0
0,2,0,1,1276,0,0,1276,0,0,1,0,3,1,2,5,3,0,,Attchd,1958.0
0,2,1,0,1056,0,0,1056,1,0,1,0,3,1,2,5,0,0,,Attchd,1955.0
0,0,0,0,1478,0,0,1478,1,0,2,1,2,1,1,7,0,1,1,Attchd,2009.0
0,1,0,1,1028,0,0,1028,0,0,1,0,2,1,2,5,0,1,1,Detchd,1927.0
0,0,0,0,1080,1017,0,2097,0,1,2,1,3,1,1,9,0,1,2,Attchd,1993.0
0,0,0,0,1340,0,0,1340,0,0,2,0,3,1,1,6,0,0,,Attchd,2007.0
0,2,0,0,672,728,0,1400,0,0,1,1,3,1,2,6,0,1,2,Attchd,1978.0
1,2,1,1,1370,1254,0,2624,1,0,2,1,4,1,2,10,0,1,1,Detchd,1918.0
0,3,1,2,756,378,0,1134,1,0,1,1,3,1,2,7,0,0,,Detchd,1940.0
0,0,0,0,1056,0,0,1056,1,0,1,0,3,1,2,6,0,1,3,Attchd,1968.0
0,0,0,0,1344,0,0,1344,2,0,2,0,2,2,2,8,0,0,,Attchd,1997.0
0,1,0,0,1602,0,0,1602,0,1,2,0,3,1,1,8,0,1,2,Attchd,1977.0
0,0,0,1,988,0,0,988,0,0,1,0,2,1,2,4,0,0,,Attchd,1954.0
0,1,0,0,1470,1160,0,2630,1,0,2,1,4,1,1,8,0,1,2,Attchd,1998.0
0,1,0,1,1196,0,0,1196,1,0,1,0,2,1,2,6,0,1,1,Attchd,1956.0
0,1,0,0,707,682,0,1389,0,0,1,1,3,1,2,6,0,2,1,Detchd,1947.0
0,1,0,0,1644,0,0,1644,1,1,2,0,2,1,1,5,0,1,2,Attchd,1989.0
0,0,0,0,907,0,0,907,0,0,1,0,3,1,2,5,0,0,,Detchd,1964.0
0,0,0,0,1208,0,0,1208,1,0,2,0,2,1,1,6,0,0,,Attchd,2007.0
0,2,0,0,1412,0,0,1412,1,0,2,0,3,1,1,6,0,1,2,Attchd,1988.0
0,2,0,0,483,504,0,987,0,0,1,1,2,1,2,4,0,0,,Detchd,1971.0
0,1,0,0,1088,110,0,1198,0,0,1,0,4,1,2,7,0,0,,,
0,0,0,0,765,600,0,1365,1,0,1,1,2,1,2,6,1,0,,Detchd,1971.0
0,0,0,0,926,678,0,1604,0,0,2,1,3,1,2,7,0,1,2,Attchd,1997.0
0,1,0,0,630,0,0,630,1,0,1,0,1,1,2,3,0,0,,,
0,0,0,0,827,834,0,1661,1,0,2,1,3,1,1,6,0,1,2,Attchd,1996.0
0,2,0,1,734,384,0,1118,0,0,1,0,2,1,2,6,0,0,,Detchd,1990.0
0,1,0,0,904,0,0,904,0,0,1,0,2,1,2,4,0,0,,Detchd,1926.0
0,2,1,0,694,0,0,694,0,0,1,0,2,1,1,4,0,1,1,Detchd,1990.0
0,1,0,0,684,512,0,1196,0,0,1,0,3,1,1,7,0,0,,Detchd,2005.0
0,0,0,0,2402,0,0,2402,1,0,2,0,2,1,0,10,0,2,1,Attchd,2008.0
0,2,1,2,1440,0,0,1440,0,0,2,0,4,2,3,8,0,0,,,
0,2,0,0,1128,445,0,1573,0,0,2,0,3,1,2,8,0,1,1,Detchd,1930.0
0,0,0,0,1258,0,0,1258,0,0,2,0,2,1,1,6,0,1,1,Attchd,2007.0
0,0,0,0,933,975,0,1908,1,0,2,1,4,1,1,8,0,1,2,Attchd,1994.0
0,3,0,0,1689,0,0,1689,0,0,1,0,3,1,2,7,0,1,1,Attchd,1956.0
0,0,0,0,1888,0,0,1888,0,0,2,1,2,1,1,6,3,1,1,Attchd,1966.0
0,1,0,0,956,930,0,1886,0,0,2,1,4,1,1,10,0,1,2,Attchd,1998.0
0,2,0,0,780,596,0,1376,0,0,2,0,3,1,2,7,0,1,1,Detchd,1937.0
0,0,0,0,679,504,0,1183,0,0,1,1,2,1,2,6,0,0,,Detchd,1981.0
0,0,0,1,813,0,0,813,0,0,1,0,2,1,1,5,0,0,,Detchd,1932.0
0,2,0,0,1533,0,0,1533,1,0,2,0,2,1,1,5,0,2,2,Attchd,1975.0
0,0,0,0,888,868,0,1756,1,0,2,1,3,1,2,7,0,0,,Attchd,1996.0
0,0,0,0,786,804,0,1590,0,0,2,1,3,1,1,6,0,0,,Attchd,2008.0
0,2,0,0,1728,0,0,1728,2,0,2,0,4,2,2,8,0,0,,Detchd,1976.0
0,3,0,0,1242,0,0,1242,0,0,1,1,3,1,2,6,0,1,2,Attchd,1973.0
0,3,1,0,624,720,0,1344,0,0,1,0,4,1,2,7,0,0,,Detchd,1916.0
0,0,0,0,1663,0,0,1663,1,0,1,0,2,1,1,6,1,2,1,Attchd,1954.0
0,3,0,0,833,833,0,1666,0,0,1,0,3,1,1,7,0,1,1,Detchd,1925.0
0,2,0,0,979,224,0,1203,1,0,1,0,3,1,1,5,0,1,2,Detchd,1950.0
0,0,0,0,832,1103,0,1935,1,0,2,1,3,1,2,8,0,0,,BuiltIn,2009.0
0,0,0,0,575,560,0,1135,1,0,1,0,3,1,1,6,0,0,,Detchd,1971.0
0,1,0,0,864,0,0,864,0,0,1,0,3,1,2,5,0,1,4,Detchd,1965.0
0,3,0,1,849,811,0,1660,0,0,1,1,3,1,2,6,0,1,1,Detchd,1939.0
0,2,0,0,1040,0,0,1040,0,0,2,0,3,1,2,5,0,0,,,
0,0,0,0,1414,0,0,1414,0,0,2,0,2,1,1,6,0,1,2,Attchd,2004.0
0,2,0,0,1277,0,0,1277,1,0,1,0,2,1,2,5,0,1,4,Attchd,1970.0
0,0,0,0,888,756,0,1644,0,0,1,1,3,1,1,7,0,2,1,Attchd,1942.0
0,0,0,0,1634,0,0,1634,0,0,2,0,3,1,1,7,0,1,1,Attchd,2006.0
0,0,0,0,832,878,0,1710,0,0,2,1,3,1,1,7,0,0,,Attchd,1993.0
0,2,0,0,1502,0,0,1502,1,0,1,1,1,1,1,4,0,0,,Attchd,1985.0
0,2,0,0,1161,808,0,1969,0,0,2,1,3,1,2,8,0,1,1,Attchd,1977.0
0,0,0,0,1072,0,0,1072,1,0,1,0,2,1,2,5,0,0,,Basment,2005.0
0,0,0,0,1976,0,0,1976,1,0,2,0,2,1,1,7,0,1,0,Attchd,2006.0
0,0,0,0,1652,0,0,1652,1,0,2,0,2,1,0,6,0,0,,Attchd,2000.0
0,2,0,0,970,0,0,970,1,0,1,0,2,1,2,5,0,0,,Detchd,1996.0
0,0,0,0,1493,0,0,1493,1,0,2,0,3,1,1,7,0,1,2,Attchd,1997.0
0,0,0,0,2069,574,0,2643,0,0,2,1,3,1,0,9,0,1,1,BuiltIn,2006.0
0,0,0,0,1718,0,0,1718,1,0,2,0,3,1,1,7,0,1,1,Attchd,2007.0
0,2,0,0,1131,0,0,1131,0,0,1,0,2,1,2,7,0,0,,Detchd,1995.0
0,0,0,0,1850,0,0,1850,1,0,2,0,3,1,1,8,0,1,1,Attchd,2004.0
0,0,0,0,1792,0,0,1792,1,0,2,0,2,1,0,6,0,1,1,Attchd,2003.0
0,0,0,0,916,910,0,1826,1,0,1,1,4,1,0,7,2,1,1,Attchd,1915.0
0,0,0,0,1216,0,0,1216,1,0,2,0,2,1,2,5,0,0,,Attchd,1998.0
0,1,0,0,999,0,0,999,1,0,1,0,3,1,1,6,0,0,,Detchd,1963.0
0,1,0,0,1113,0,0,1113,0,0,1,0,3,1,1,5,0,1,1,Attchd,1950.0
0,2,0,0,1073,0,0,1073,1,0,1,1,3,1,2,6,0,0,,Attchd,1965.0
0,1,0,0,1484,0,0,1484,0,0,2,0,3,1,2,7,0,1,2,Attchd,1971.0
0,2,1,1,1766,648,0,2414,0,0,2,0,3,2,2,10,3,1,1,Attchd,1970.0
0,2,0,0,630,0,0,630,1,0,1,0,1,1,1,3,0,0,,Attchd,1970.0
0,2,0,0,616,688,0,1304,0,0,1,1,3,1,2,4,0,1,1,BuiltIn,1976.0
0,2,0,1,958,620,0,1578,1,0,1,0,3,1,3,5,0,2,2,Attchd,1941.0
0,1,0,0,728,728,0,1456,0,0,2,1,3,1,2,8,0,0,,Attchd,2006.0
0,2,0,1,1269,0,0,1269,0,0,1,1,3,1,2,6,0,1,3,Detchd,1964.0
0,1,0,1,886,0,0,886,0,0,1,0,2,1,2,4,0,0,,Attchd,1938.0
0,2,1,1,720,0,0,720,0,0,1,0,2,1,2,4,0,0,,,
0,0,0,0,3228,0,0,3228,1,0,3,0,4,1,1,10,0,1,1,Attchd,1992.0
0,0,0,0,1133,687,0,1820,1,0,2,0,4,1,2,8,0,0,,Detchd,1925.0
0,0,0,0,899,0,0,899,0,0,1,0,3,1,1,5,0,0,,Attchd,1967.0
0,3,0,0,912,0,0,912,0,1,1,0,2,1,2,5,0,0,,Attchd,1958.0
0,2,0,0,672,546,0,1218,0,0,1,1,3,1,2,7,0,0,,Detchd,1973.0
0,1,0,0,866,902,0,1768,0,0,2,1,3,1,1,7,0,0,,Attchd,2005.0
0,0,0,0,1214,0,0,1214,1,0,1,0,2,1,2,6,0,0,,Detchd,1965.0
0,2,0,0,1801,0,0,1801,1,0,2,0,1,1,2,6,0,2,2,Attchd,1959.0
0,2,0,0,855,467,0,1322,0,1,2,1,3,1,2,6,0,1,3,Attchd,1974.0
0,1,0,0,960,1000,0,1960,0,0,2,0,4,2,2,10,0,0,,Detchd,1952.0
0,0,0,0,1065,846,0,1911,0,0,2,1,3,1,1,8,0,1,2,Attchd,1993.0
0,0,0,0,1218,0,0,1218,0,0,2,0,2,1,1,4,0,0,,Attchd,2009.0
0,0,0,0,689,689,0,1378,0,0,2,0,3,1,1,7,0,1,1,Detchd,1928.0
0,0,0,0,1041,0,0,1041,1,0,1,0,3,1,2,6,0,0,,Attchd,1959.0
0,0,0,0,1363,0,0,1363,1,0,1,0,2,1,2,6,1,2,2,CarPort,1951.0
0,0,0,0,1368,0,0,1368,0,0,2,0,2,1,1,6,0,1,1,Attchd,2005.0
0,2,0,0,864,0,0,864,1,0,1,0,3,1,2,5,0,0,,Detchd,1964.0
0,2,0,0,1080,0,0,1080,0,0,1,1,3,1,2,5,0,0,,Attchd,1983.0
Grav,3,1,0,789,0,0,789,0,0,1,0,2,1,2,5,0,0,,Detchd,1926.0
0,0,0,0,2020,0,0,2020,1,0,2,1,3,1,0,9,0,1,1,Attchd,2009.0
0,2,0,0,1378,741,0,2119,0,0,2,1,3,1,2,7,0,1,2,Attchd,1972.0
0,0,0,0,1277,1067,0,2344,0,0,2,1,3,1,1,7,0,1,2,Attchd,1996.0
0,0,0,0,882,914,0,1796,1,0,2,1,3,1,2,7,0,0,,Attchd,1998.0
0,0,0,0,1276,804,0,2080,0,0,1,1,3,1,1,9,0,2,1,Detchd,1926.0
0,2,1,1,694,600,0,1294,0,0,2,0,3,2,2,7,0,0,,,
0,0,0,1,1244,0,0,1244,0,0,1,1,3,1,2,6,0,2,1,Attchd,1957.0
0,0,0,0,1004,660,0,1664,0,0,2,0,3,1,2,7,0,2,1,Detchd,1950.0
0,0,0,0,3138,1538,0,4676,1,0,3,1,3,1,0,11,0,1,1,BuiltIn,2007.0
0,0,0,0,1383,1015,0,2398,1,0,2,1,3,1,1,8,0,1,2,Attchd,1996.0
0,0,0,0,1266,0,0,1266,0,0,2,0,3,1,1,6,0,1,2,Attchd,2005.0
0,2,0,0,928,0,0,928,0,0,1,0,2,1,2,4,0,0,,Attchd,1956.0
0,0,0,0,1476,1237,0,2713,1,0,2,1,3,1,0,11,0,1,1,Attchd,2008.0
0,0,0,0,605,0,0,605,1,0,1,0,2,1,2,5,0,0,,,
0,2,0,0,2515,0,0,2515,1,0,3,0,4,2,2,9,4,2,2,Attchd,1975.0
0,0,0,0,1509,0,0,1509,1,0,2,0,3,1,1,5,0,1,3,Attchd,1988.0
0,0,0,0,751,611,0,1362,0,0,2,0,3,1,2,6,0,0,,Detchd,1920.0
0,0,0,0,827,0,0,827,0,0,1,0,2,1,2,5,3,1,4,Detchd,1967.0
0,3,1,2,334,0,0,334,0,0,1,0,1,1,3,2,0,0,,,
0,0,0,0,707,707,0,1414,0,0,2,1,3,1,1,6,0,1,1,Attchd,2004.0
0,2,0,0,820,527,0,1347,1,0,1,0,3,1,2,5,0,0,,,
0,0,0,0,880,844,0,1724,0,0,2,1,3,1,1,8,0,0,,Attchd,1998.0
0,2,0,0,864,0,0,864,0,0,1,0,3,1,2,5,0,0,,Detchd,1980.0
0,2,0,0,1159,0,0,1159,0,0,1,1,3,1,2,7,0,1,3,Attchd,1968.0
0,0,0,0,1601,0,0,1601,1,0,2,0,3,1,1,6,0,1,2,Attchd,2001.0
0,0,0,0,1838,0,0,1838,1,0,2,0,2,1,0,8,0,1,1,Attchd,2006.0
0,0,0,0,997,1288,0,2285,0,0,2,1,4,1,1,8,0,1,2,BuiltIn,2000.0
0,0,0,0,1680,0,0,1680,1,0,2,0,3,1,1,7,4,1,2,Attchd,1998.0
0,0,0,0,767,0,0,767,1,0,1,0,1,1,2,4,0,0,,Attchd,1998.0
0,0,0,0,664,832,0,1496,1,0,2,1,3,1,1,7,0,1,1,Attchd,2006.0
0,1,0,0,1377,806,0,2183,0,0,2,1,4,1,1,9,0,0,,Attchd,1988.0
0,0,0,1,915,720,0,1635,0,0,1,1,3,1,2,6,0,1,1,Detchd,1950.0
0,0,0,0,768,0,0,768,1,0,1,0,2,1,2,5,0,0,,Detchd,1987.0
0,2,0,0,825,0,0,825,1,0,1,0,2,1,2,4,0,0,,Detchd,1963.0
0,0,0,0,912,1182,0,2094,0,0,2,1,4,1,1,8,0,1,1,BuiltIn,2003.0
0,2,0,0,1069,0,0,1069,0,0,2,0,2,1,2,4,0,0,,Attchd,1977.0
0,1,0,1,928,0,0,928,0,0,1,0,3,1,2,5,0,0,,Attchd,1957.0
0,0,0,0,1717,0,0,1717,0,0,2,0,3,1,1,7,0,1,1,Attchd,2006.0
0,0,0,0,1126,0,0,1126,0,0,2,0,2,1,1,5,0,0,,Detchd,2002.0
0,0,0,0,1006,1040,0,2046,1,0,2,1,3,1,1,8,0,1,1,BuiltIn,2003.0
0,2,0,1,1048,0,0,1048,0,0,1,0,2,1,2,5,0,1,1,Detchd,1922.0
0,2,0,1,1092,0,0,1092,1,0,1,0,2,1,2,6,0,1,2,Attchd,1957.0
0,1,0,0,897,439,0,1336,0,0,1,1,3,1,2,7,0,0,,CarPort,1994.0
0,0,0,0,729,717,0,1446,0,1,2,1,3,1,2,6,0,1,2,Attchd,1996.0
0,0,0,0,1557,0,0,1557,0,0,2,0,2,1,1,7,0,1,2,Attchd,2003.0
0,2,0,0,1392,0,0,1392,1,0,1,1,3,1,2,5,3,1,1,Detchd,1957.0
0,1,0,0,1389,0,0,1389,1,0,1,0,2,1,2,6,0,1,2,Attchd,1975.0
0,0,0,0,996,0,0,996,1,0,1,0,3,1,2,6,0,1,1,,
0,0,0,0,1163,511,0,1674,0,0,2,0,4,1,2,8,0,1,1,Detchd,1955.0
0,0,0,0,1166,1129,0,2295,1,0,2,1,4,1,1,9,0,1,2,Attchd,1992.0
0,2,1,2,841,806,0,1647,1,0,1,1,4,1,3,6,0,0,,Detchd,1920.0
0,0,0,0,1134,1370,0,2504,0,0,2,1,4,1,0,11,0,1,1,BuiltIn,2005.0
0,0,0,0,1535,0,0,1535,0,0,2,0,3,1,1,7,0,0,,Attchd,2004.0
0,0,0,0,1496,636,0,2132,1,0,1,1,1,1,1,5,2,1,1,BuiltIn,1983.0
0,2,0,0,943,0,0,943,1,0,1,0,2,1,2,4,0,2,2,Detchd,1979.0
0,2,0,0,1728,0,0,1728,0,0,2,0,6,2,2,10,0,0,,Detchd,1987.0
0,0,0,0,864,0,0,864,1,0,1,0,2,1,1,4,0,0,,Attchd,1959.0
0,1,0,0,846,846,0,1692,0,0,2,1,3,1,1,6,0,0,,Attchd,2009.0
0,0,0,0,774,656,0,1430,0,0,2,1,3,1,2,8,0,1,2,BuiltIn,2000.0
0,2,0,0,576,533,0,1109,0,1,1,0,3,1,2,5,0,0,,BuiltIn,1971.0
0,2,0,0,832,384,0,1216,0,0,1,0,2,1,2,6,0,0,,Detchd,1947.0
0,1,0,0,877,600,0,1477,0,1,2,0,3,1,2,6,0,1,1,Detchd,1928.0
0,0,0,0,1320,0,0,1320,1,0,1,0,3,1,2,6,0,2,3,Attchd,1966.0
0,0,0,0,703,689,0,1392,0,0,2,0,2,1,1,5,0,0,,Detchd,2007.0
0,0,1,2,1050,745,0,1795,0,0,2,0,4,1,2,7,0,0,,Attchd,1954.0
0,0,0,0,1429,0,0,1429,0,1,1,0,3,1,1,7,0,2,1,Attchd,1960.0
0,0,0,0,2042,0,0,2042,0,0,2,1,3,1,0,8,0,1,1,Attchd,2009.0
0,2,0,0,816,0,0,816,1,0,1,0,3,1,2,5,0,0,,,
0,1,0,0,1521,1254,0,2775,0,0,3,1,3,1,1,9,0,1,1,Detchd,1988.0
0,0,0,0,989,584,0,1573,0,0,1,0,3,1,1,6,0,0,,Detchd,1935.0
0,0,0,0,2028,0,0,2028,1,0,2,0,2,1,1,7,0,2,1,Attchd,2005.0
0,0,0,0,838,0,0,838,1,0,1,0,2,1,3,5,0,0,,Detchd,1961.0
0,2,0,0,860,0,0,860,1,0,1,0,2,1,2,4,0,0,,Detchd,1996.0
0,0,0,0,1473,0,0,1473,2,0,1,0,1,1,0,5,0,2,1,Attchd,1968.0
0,2,0,1,779,0,156,935,0,0,1,0,2,1,2,4,0,0,,Detchd,1988.0
0,0,0,0,770,812,0,1582,0,0,2,1,3,1,1,6,0,0,,Attchd,2004.0
0,0,0,0,1728,568,0,2296,1,0,2,1,3,1,0,10,0,1,1,BuiltIn,2008.0
0,0,0,0,816,0,0,816,1,0,1,0,2,1,2,4,0,0,,Detchd,1985.0
0,0,0,0,848,0,0,848,1,0,1,0,1,1,1,4,0,0,,Attchd,2003.0
0,2,0,0,924,0,0,924,0,0,1,0,3,1,2,5,0,0,,Detchd,1981.0
0,0,0,0,1826,0,0,1826,1,0,2,0,3,1,1,7,0,1,2,Attchd,2005.0
0,0,1,1,684,684,0,1368,0,0,1,0,3,1,2,7,0,0,,Detchd,1930.0
0,0,0,0,1402,0,0,1402,0,2,0,2,2,1,1,7,0,1,1,Attchd,2006.0
0,0,0,0,1647,0,0,1647,1,0,2,0,3,1,1,7,0,1,2,Attchd,1977.0
0,2,0,0,716,840,0,1556,1,0,2,1,3,1,2,6,0,1,2,Attchd,1980.0
0,0,0,0,1058,846,0,1904,1,0,2,1,3,1,0,8,0,1,1,BuiltIn,2003.0
0,2,0,0,780,595,0,1375,0,0,1,1,3,1,1,6,0,1,1,Detchd,1979.0
0,0,0,0,927,988,0,1915,1,0,2,1,3,1,1,8,0,1,2,Attchd,1992.0
0,0,0,0,600,600,0,1200,0,0,2,1,2,1,1,4,0,0,,Detchd,2004.0
0,0,0,0,1494,0,0,1494,1,0,2,0,3,1,1,6,0,1,2,Attchd,2002.0
0,2,0,0,1186,800,0,1986,0,0,2,1,3,1,2,7,0,3,3,Attchd,1965.0
0,1,0,0,1040,0,0,1040,1,0,1,0,3,1,1,6,0,0,,Detchd,2000.0
0,0,0,0,1112,896,0,2008,1,0,3,0,3,1,0,8,0,0,,Attchd,1948.0
0,2,0,0,1940,1254,0,3194,0,0,2,1,4,1,2,10,0,2,1,Basment,1934.0
0,1,0,0,1029,0,0,1029,1,0,1,0,3,1,2,5,0,0,,Attchd,1961.0
0,0,0,0,1476,677,0,2153,1,0,2,1,3,1,0,8,0,2,0,Attchd,2000.0
0,2,0,0,1032,0,0,1032,0,1,2,0,3,1,2,6,0,1,2,Attchd,1978.0
0,0,0,0,1299,573,0,1872,1,0,2,1,3,1,0,7,0,1,2,BuiltIn,2001.0
0,0,0,0,1120,0,0,1120,0,0,1,0,3,1,2,6,0,0,,,
0,0,0,0,630,0,0,630,1,0,1,0,1,1,2,3,0,0,,,
0,0,0,0,1054,0,0,1054,1,0,1,0,3,1,1,6,0,0,,Attchd,1963.0
0,0,0,0,807,702,0,1509,1,0,2,1,3,1,1,7,0,1,1,Attchd,2002.0
0,1,0,0,832,0,0,832,0,0,1,0,2,1,1,4,0,0,,Detchd,1962.0
0,0,0,0,1828,0,0,1828,0,0,2,0,3,1,1,9,0,1,1,Attchd,2007.0
0,0,0,0,1482,780,0,2262,1,0,2,1,4,1,1,10,0,2,1,Attchd,2003.0
0,2,1,2,864,0,0,864,1,0,1,0,2,1,2,5,0,0,,,
0,2,0,0,1548,1066,0,2614,0,0,2,1,4,1,2,9,0,1,2,Attchd,1974.0
0,2,0,0,980,0,0,980,0,0,1,0,3,1,2,6,0,0,,Detchd,1986.0
0,0,0,0,756,756,0,1512,0,0,2,1,2,1,1,4,0,1,2,Detchd,2000.0
0,1,0,0,1012,778,0,1790,1,0,1,2,4,1,2,8,2,1,2,Attchd,1972.0
0,2,0,0,1116,0,0,1116,0,0,1,1,3,1,2,5,0,0,,Attchd,1962.0
0,2,0,0,1422,0,0,1422,0,0,1,0,3,1,2,6,1,1,2,Attchd,1960.0
0,0,0,0,1520,0,0,1520,1,0,1,0,3,1,2,7,0,2,1,Basment,1955.0
0,2,0,0,1040,1040,0,2080,0,1,1,2,5,1,3,9,0,2,2,Attchd,1969.0
0,2,0,0,1350,0,0,1350,1,0,1,1,3,1,2,6,0,0,,Attchd,1964.0
0,2,0,1,1089,661,0,1750,0,0,1,0,3,1,0,8,0,0,,Detchd,1937.0
0,0,0,0,1554,0,0,1554,0,0,2,0,2,1,1,6,0,1,1,Attchd,2006.0
0,2,0,0,1411,0,0,1411,0,0,2,0,3,1,2,6,0,1,2,Attchd,1977.0
0,2,0,0,1056,0,0,1056,0,1,1,0,3,1,2,6,0,0,,Attchd,1954.0
0,1,0,0,1056,0,0,1056,2,0,0,0,0,2,2,4,0,0,,Detchd,1980.0
0,0,0,1,1440,1440,515,3395,0,0,2,0,8,2,3,14,0,0,,,
Grav,3,1,1,800,0,0,800,0,0,1,0,1,1,3,4,4,1,4,,
0,2,0,1,811,576,0,1387,0,0,2,0,3,2,1,7,0,0,,BuiltIn,1954.0
0,1,0,1,796,0,0,796,0,0,1,0,2,1,2,4,0,0,,,
0,0,0,0,1567,0,0,1567,1,0,2,0,1,1,0,7,0,1,1,Attchd,2006.0
0,0,0,0,1518,0,0,1518,0,0,1,1,1,1,0,6,0,1,1,Attchd,2003.0
0,0,0,0,1057,872,0,1929,1,0,2,1,3,1,1,7,0,1,2,Attchd,2001.0
0,1,0,0,2000,704,0,2704,1,0,2,1,4,1,0,9,0,3,2,Attchd,1972.0
0,0,0,0,780,840,0,1620,0,0,2,1,4,1,2,7,1,0,,Attchd,1969.0
0,0,0,0,1766,0,0,1766,1,0,2,1,2,1,0,7,0,1,1,Attchd,2009.0
0,2,0,0,981,0,0,981,1,0,1,1,3,1,2,5,0,0,,Detchd,1979.0
0,1,0,0,1048,0,0,1048,0,0,1,0,3,1,2,7,1,0,,Detchd,1950.0
0,0,0,0,1094,0,0,1094,0,0,1,0,3,1,2,5,0,2,1,Attchd,1953.0
0,2,0,0,1051,788,0,1839,0,0,1,1,4,1,2,7,0,1,2,Attchd,1966.0
0,1,0,0,630,0,0,630,1,0,1,0,1,1,2,3,0,0,,,
0,0,0,0,822,843,0,1665,0,0,2,1,3,1,1,7,0,0,,Attchd,2007.0
0,2,0,0,755,755,0,1510,1,0,1,0,4,1,2,7,0,1,1,Detchd,1940.0
0,0,0,0,909,807,0,1716,0,0,2,1,2,1,1,7,0,1,2,Attchd,1996.0
0,0,0,0,756,713,0,1469,0,0,1,0,3,1,2,7,0,0,,Detchd,1906.0
0,0,0,0,2113,0,0,2113,1,0,2,1,2,1,1,7,0,1,2,Attchd,1995.0
0,2,0,0,525,567,0,1092,0,0,1,1,3,1,2,6,0,0,,Detchd,1971.0
0,0,0,0,1053,0,0,1053,1,0,1,1,3,1,1,5,0,0,,Attchd,1959.0
0,2,0,0,851,651,0,1502,0,0,1,1,3,1,2,6,0,1,1,Attchd,1931.0
0,2,0,0,912,546,0,1458,0,1,1,0,3,1,2,6,0,1,1,Attchd,1948.0
0,0,0,0,1486,0,0,1486,1,0,1,0,3,1,2,7,0,0,,Detchd,1968.0
0,2,0,0,1142,793,0,1935,0,0,2,1,3,1,2,7,0,1,2,Attchd,1976.0
0,0,0,0,1686,762,0,2448,1,0,2,1,4,1,1,8,0,1,2,Attchd,1994.0
0,1,0,0,1392,0,0,1392,1,0,1,0,2,1,2,5,5,2,2,Attchd,1968.0
0,2,0,0,1181,0,0,1181,1,0,2,0,3,1,2,6,0,0,,Detchd,1974.0
0,0,0,0,2097,0,0,2097,1,0,1,1,1,1,0,8,0,1,0,Attchd,2005.0
0,0,0,0,1454,482,0,1936,0,0,2,1,3,1,1,7,0,1,2,Attchd,2000.0
0,2,0,0,1465,915,0,2380,0,0,2,1,3,1,2,7,6,1,4,CarPort,1965.0
0,0,0,0,1679,0,0,1679,1,0,2,0,3,1,1,7,0,1,3,Attchd,1994.0
0,1,0,0,1437,0,0,1437,1,0,1,1,3,1,2,6,2,1,2,Detchd,1999.0
0,0,0,0,1180,0,0,1180,0,0,1,0,2,1,3,5,0,1,1,Detchd,1922.0
0,0,0,0,738,738,0,1476,1,0,2,1,3,1,1,7,0,0,,Attchd,2005.0
0,2,1,0,697,672,0,1369,1,0,2,0,3,1,2,6,0,0,,Detchd,1930.0
0,2,0,0,1208,0,0,1208,1,0,1,1,3,1,2,6,0,1,2,Attchd,1977.0
0,0,0,0,1839,0,0,1839,1,0,2,0,3,1,1,7,0,2,2,Attchd,1957.0
0,2,0,0,1136,0,0,1136,1,0,1,0,3,1,2,5,0,1,1,Attchd,1965.0
0,2,0,0,855,586,0,1441,0,0,2,1,3,1,2,7,0,1,2,Attchd,1978.0
1,3,1,0,1095,679,0,1774,1,0,2,0,4,2,2,8,2,0,,2Types,1920.0
0,0,0,0,792,0,0,792,0,0,1,0,2,1,1,5,0,0,,Detchd,1924.0
0,0,0,0,2046,0,0,2046,0,0,2,1,3,1,1,7,0,1,1,Attchd,2008.0
0,2,0,0,988,0,0,988,1,0,1,0,3,1,2,5,0,0,,Detchd,1963.0
0,2,0,0,923,0,0,923,0,0,2,0,2,1,2,5,0,1,2,Attchd,1980.0
0,0,0,0,848,672,0,1520,0,0,1,0,3,1,2,6,0,0,,Detchd,1968.0
0,0,0,0,1291,0,0,1291,1,0,1,0,2,1,1,6,0,1,1,Attchd,1996.0
0,0,0,0,1668,0,0,1668,1,0,2,0,3,1,1,7,0,1,2,Attchd,2002.0
0,1,0,0,1195,644,0,1839,0,0,2,1,4,1,2,7,0,0,,Attchd,1998.0
0,1,0,0,1190,900,0,2090,1,0,2,0,3,1,1,6,1,1,2,Attchd,1984.0
0,0,0,0,874,887,0,1761,0,0,3,0,3,1,1,7,0,0,,Attchd,2007.0
0,0,0,0,551,551,0,1102,0,0,2,1,2,1,1,4,0,0,,Detchd,2004.0
0,0,0,0,1419,0,0,1419,1,0,2,0,2,1,1,7,0,1,1,Attchd,2007.0
0,0,0,0,1362,0,0,1362,0,0,2,0,2,1,1,6,0,1,1,Attchd,2005.0
0,0,0,0,848,0,0,848,1,0,1,0,1,1,1,3,0,1,2,Attchd,2004.0
0,0,0,0,2444,1872,0,4316,0,1,3,1,4,1,0,10,0,2,0,Attchd,1994.0
0,0,0,0,1238,1281,0,2519,1,0,2,1,4,1,1,9,0,2,1,Attchd,1989.0
0,0,0,0,1073,0,0,1073,0,0,1,0,2,1,2,4,0,0,,Detchd,1968.0
0,2,0,0,1067,472,0,1539,0,0,1,1,3,1,2,5,0,0,,Detchd,1995.0
0,1,0,0,1137,0,0,1137,1,0,2,0,2,1,1,5,0,1,2,Attchd,1987.0
0,1,0,0,616,0,0,616,0,0,1,0,2,1,2,4,0,0,,Detchd,1921.0
0,3,0,1,1148,0,0,1148,0,1,1,0,2,1,2,6,0,0,,Detchd,1952.0
0,0,0,0,894,0,0,894,1,0,1,0,3,1,2,5,0,1,1,Detchd,1973.0
0,0,0,0,1391,0,0,1391,0,0,2,0,2,1,1,5,0,0,,Attchd,2004.0
0,0,0,0,1800,0,0,1800,1,0,2,0,3,1,1,7,0,1,1,Attchd,2002.0
0,2,0,0,1164,0,0,1164,0,0,1,1,3,1,2,6,0,0,,Attchd,1969.0
0,0,0,0,1264,1312,0,2576,0,0,2,1,4,1,0,10,0,1,1,BuiltIn,2006.0
0,1,0,0,1032,780,0,1812,0,0,2,0,4,2,1,8,0,1,4,Detchd,1999.0
0,0,0,0,1484,0,0,1484,1,0,2,0,3,1,1,7,0,0,,Attchd,2004.0
0,3,1,0,372,720,0,1092,0,0,2,0,3,2,3,7,3,0,,,
0,2,0,0,1824,0,0,1824,1,0,2,0,2,1,1,5,0,2,2,Attchd,1971.0
0,0,0,0,1324,0,0,1324,1,0,2,0,2,1,1,6,0,1,1,Attchd,2006.0
0,0,0,0,728,728,0,1456,0,0,2,1,3,1,1,8,0,1,1,Attchd,2007.0
0,2,0,0,904,0,0,904,0,0,1,0,3,1,2,6,0,0,,Attchd,1966.0
0,1,0,0,729,0,0,729,0,0,1,0,2,1,2,5,5,0,,,
0,1,0,0,859,319,0,1178,0,0,1,0,2,1,2,7,0,0,,Detchd,1964.0
0,1,0,0,1228,0,0,1228,1,0,2,0,2,1,1,5,0,1,1,Attchd,1988.0
1,2,1,0,960,0,0,960,1,0,1,0,3,1,2,6,0,0,,Detchd,1970.0
0,0,0,0,725,754,0,1479,0,0,2,1,3,1,1,6,0,0,,Attchd,1976.0
0,2,0,0,1350,0,0,1350,0,0,2,0,3,1,2,7,0,1,2,Attchd,1974.0
0,0,0,0,1576,978,0,2554,0,0,1,1,3,1,2,8,0,0,,Detchd,1996.0
0,1,0,0,1178,0,0,1178,0,1,1,1,3,1,1,5,0,1,3,Attchd,1973.0
0,0,0,0,1325,1093,0,2418,1,0,2,1,3,1,1,9,0,1,2,Attchd,1993.0
0,2,0,0,971,0,0,971,0,0,1,1,3,1,2,5,0,1,4,Attchd,1969.0
0,2,0,0,1742,0,0,1742,1,0,2,0,2,1,1,5,0,1,2,Attchd,1985.0
0,0,0,0,848,0,0,848,1,0,1,0,1,1,1,3,0,0,,Attchd,2004.0
0,0,0,0,864,0,0,864,0,0,1,0,3,1,2,5,0,0,,Detchd,1994.0
0,0,0,0,997,473,0,1470,0,0,2,0,4,1,2,7,0,0,,Detchd,1958.0
0,0,0,0,1698,0,0,1698,1,0,2,0,3,1,0,8,0,1,1,Attchd,2007.0
0,2,0,0,864,0,0,864,0,0,1,0,3,1,1,5,0,0,,Detchd,1989.0
0,0,0,0,1680,0,0,1680,1,0,2,0,3,1,1,5,0,1,1,Attchd,1988.0
0,0,0,0,1232,0,0,1232,1,0,2,0,2,1,1,6,0,0,,Attchd,2007.0
0,2,0,0,1776,0,0,1776,1,0,2,0,4,2,2,9,0,0,,Detchd,1968.0
0,2,0,1,848,0,360,1208,0,0,1,0,2,1,2,5,0,0,,Detchd,1962.0
0,0,0,0,1616,0,0,1616,1,0,2,0,2,1,1,5,0,1,2,Attchd,1995.0
0,0,0,0,1146,0,0,1146,1,0,2,0,3,1,1,6,0,1,1,Attchd,2003.0
0,0,0,0,1153,878,0,2031,0,0,2,1,3,1,1,8,0,1,2,Attchd,1998.0
0,0,0,0,1144,0,0,1144,1,0,1,0,3,1,2,6,0,1,2,Attchd,1961.0
0,2,0,0,948,0,0,948,0,0,1,0,3,1,2,6,0,0,,Attchd,1968.0
1,3,1,0,880,888,0,1768,0,0,1,1,2,1,2,6,0,2,2,Detchd,1914.0
0,1,1,2,1040,0,0,1040,0,0,2,0,2,2,2,6,0,0,,Detchd,1949.0
0,0,0,0,901,900,0,1801,0,0,2,1,3,1,1,8,0,1,1,Attchd,2005.0
0,2,0,0,1200,0,0,1200,3,0,3,0,3,1,2,5,0,0,,,
0,0,0,0,864,864,0,1728,0,0,2,1,3,1,1,7,0,0,,Attchd,2004.0
0,0,0,0,768,664,0,1432,0,0,2,0,2,1,2,7,0,0,,Detchd,1910.0
0,1,0,0,912,0,0,912,1,1,1,0,3,1,1,5,0,0,,Detchd,1962.0
0,0,0,0,1349,0,0,1349,0,0,2,0,3,1,2,6,0,0,,Attchd,2000.0
0,0,0,0,1464,0,0,1464,0,1,2,0,3,1,2,6,2,1,2,Attchd,1997.0
0,1,0,0,1337,0,0,1337,1,0,2,0,2,1,1,5,0,1,2,Attchd,1993.0
0,0,0,0,1175,1540,0,2715,0,1,3,1,4,1,1,11,0,2,2,BuiltIn,1994.0
0,0,0,0,980,1276,0,2256,0,0,2,1,4,1,1,8,0,1,2,BuiltIn,2000.0
1,2,1,0,1320,1320,0,2640,0,0,1,1,4,1,1,8,0,1,1,Detchd,1950.0
0,0,0,0,1720,0,0,1720,1,0,2,0,3,1,1,7,0,1,2,Attchd,1996.0
3,2,1,2,1088,441,0,1529,0,0,2,0,4,1,2,9,3,0,,Detchd,1945.0
0,1,0,0,792,348,0,1140,0,0,1,0,3,1,2,7,2,0,,,
0,0,0,0,660,660,0,1320,0,0,2,1,3,1,1,6,0,0,,Attchd,2003.0
0,0,0,0,1494,0,0,1494,1,0,2,0,3,1,1,6,0,0,,Attchd,1997.0
0,1,0,0,1038,1060,0,2098,0,0,2,1,3,1,0,8,0,1,1,Attchd,2005.0
0,1,0,0,1026,0,0,1026,1,0,1,0,3,1,1,5,0,0,,Detchd,1969.0
0,1,0,0,742,729,0,1471,0,0,2,1,3,1,2,6,0,0,,Detchd,1999.0
0,0,0,0,866,902,0,1768,0,0,2,1,3,1,1,7,0,0,,Attchd,2007.0
0,2,0,0,672,714,0,1386,0,0,2,1,3,1,2,6,0,1,2,Attchd,1978.0
0,1,0,0,757,744,0,1501,0,0,2,1,3,1,2,6,0,0,,Detchd,1999.0
0,0,0,0,1328,1203,0,2531,0,0,2,1,4,1,1,9,0,1,2,Attchd,1995.0
0,0,0,0,864,0,0,864,0,0,1,0,2,1,2,5,0,0,,Detchd,2008.0
0,2,0,0,1301,0,0,1301,0,0,1,0,2,1,3,5,1,0,,Detchd,1965.0
0,0,0,0,764,783,0,1547,0,0,2,1,3,1,1,7,0,0,,Attchd,2009.0
0,0,0,0,1268,1097,0,2365,1,0,2,1,3,1,1,8,0,1,1,Attchd,1999.0
0,0,0,0,1494,0,0,1494,1,0,1,1,2,1,0,6,0,1,1,Attchd,1995.0
0,0,0,0,1506,0,0,1506,0,0,2,0,2,1,0,6,0,1,1,Attchd,2008.0
0,2,0,0,980,734,0,1714,0,0,2,1,3,1,2,7,0,1,2,Attchd,1988.0
0,0,0,0,983,767,0,1750,1,0,2,0,4,1,2,7,3,0,,Attchd,1989.0
0,0,0,0,1836,0,0,1836,0,0,2,0,3,1,1,8,0,1,1,Attchd,2004.0
0,0,0,0,1690,1589,0,3279,1,0,3,1,4,1,0,12,3,1,1,BuiltIn,2003.0
0,2,0,0,858,0,0,858,1,0,1,0,2,1,2,5,0,0,,Detchd,1983.0
0,2,0,2,1220,0,0,1220,0,0,1,0,2,1,2,6,0,0,,Detchd,1951.0
0,2,0,0,1117,0,0,1117,1,0,1,0,3,1,2,6,0,1,2,Detchd,1976.0
0,0,0,1,912,0,0,912,0,0,1,0,2,1,2,5,0,0,,Attchd,1958.0
0,1,0,0,1973,0,0,1973,0,0,2,0,3,1,1,9,0,1,1,Attchd,2006.0
0,0,0,0,1204,0,0,1204,1,0,2,0,2,1,2,5,0,0,,Attchd,1998.0
0,0,0,0,1614,0,0,1614,0,0,2,0,3,1,1,7,0,0,,Attchd,2005.0
0,2,0,0,894,0,0,894,1,0,1,0,3,1,2,5,0,1,3,Attchd,1974.0
0,2,0,0,2020,0,0,2020,0,0,2,0,4,2,2,10,0,2,2,Detchd,1977.0
0,2,0,0,1004,0,0,1004,1,0,1,0,2,1,2,4,0,0,,Attchd,1977.0
0,1,0,0,1253,0,0,1253,0,0,2,0,3,1,2,6,0,1,2,Attchd,1995.0
0,0,0,0,810,793,0,1603,0,0,2,1,3,1,1,7,0,0,,Attchd,1992.0
0,0,0,0,1430,0,0,1430,0,0,2,0,3,1,1,6,0,0,,Attchd,2001.0
0,0,0,0,1110,0,0,1110,1,0,1,0,1,1,1,4,0,1,2,Attchd,1978.0
0,0,0,0,742,742,0,1484,0,0,2,0,3,1,2,9,0,1,1,,
0,2,0,0,1342,0,0,1342,0,0,2,0,3,1,2,7,0,1,1,Attchd,1967.0
0,2,0,0,966,686,0,1652,1,0,2,0,4,1,2,7,0,0,,Detchd,1961.0
0,0,0,0,956,1128,0,2084,1,0,2,1,4,1,1,8,0,0,,BuiltIn,2004.0
0,0,0,0,901,0,0,901,0,0,1,0,2,1,2,4,0,0,,Detchd,1954.0
0,1,0,0,976,1111,0,2087,0,0,2,1,5,1,1,9,0,0,,Attchd,1966.0
0,0,0,0,1145,0,0,1145,0,0,2,0,2,1,1,5,0,1,1,Attchd,2005.0
0,2,0,0,1062,0,0,1062,1,0,1,0,3,1,2,5,0,2,2,Attchd,1976.0
0,0,0,0,1127,886,0,2013,1,0,2,1,3,1,2,8,0,1,2,Attchd,1997.0
0,0,0,0,1496,0,0,1496,0,0,2,0,3,1,1,7,0,0,,Attchd,2007.0
0,0,0,0,1086,809,0,1895,0,0,2,1,3,1,1,7,0,1,2,Attchd,1994.0
0,2,0,0,888,676,0,1564,0,0,2,1,3,1,2,7,0,1,2,Attchd,1980.0
0,0,0,0,1285,0,0,1285,0,0,1,1,3,1,2,7,0,1,2,Attchd,1977.0
0,1,0,0,773,0,0,773,0,0,1,0,2,1,2,4,0,0,,Attchd,1953.0
0,0,0,0,1966,1174,0,3140,0,0,3,1,4,1,0,11,0,2,1,BuiltIn,2009.0
0,0,0,0,981,787,0,1768,1,0,1,1,3,1,1,7,0,2,2,Detchd,1939.0
0,1,0,0,616,1072,0,1688,1,0,2,1,4,1,1,8,0,0,,Attchd,1997.0
0,0,0,1,1196,0,0,1196,1,0,1,0,2,1,2,5,0,0,,Detchd,1957.0
0,0,0,0,728,728,0,1456,1,0,2,1,3,1,1,7,0,1,1,Attchd,2005.0
0,0,0,0,1734,1088,0,2822,0,0,3,1,4,1,0,12,0,1,1,BuiltIn,2009.0
0,2,0,0,1128,0,0,1128,0,0,1,0,2,1,2,5,1,0,,Attchd,1954.0
0,0,0,0,1428,0,0,1428,0,0,2,0,3,1,0,6,0,0,,Attchd,2008.0
0,1,0,0,980,0,0,980,0,0,2,0,3,1,2,6,0,0,,Attchd,1967.0
0,0,0,0,1072,504,0,1576,2,0,1,1,3,1,1,6,0,1,2,Attchd,1923.0
0,2,0,0,1086,0,0,1086,1,0,1,0,3,1,2,6,0,1,1,Attchd,1966.0
0,2,1,1,1075,1063,0,2138,0,0,2,0,2,3,2,11,0,0,,Detchd,1910.0
0,3,0,0,1309,0,0,1309,1,0,1,1,3,1,1,5,0,1,3,Attchd,1974.0
0,0,0,0,848,0,0,848,1,0,1,0,1,1,1,4,0,1,1,Attchd,2004.0
0,2,1,1,1044,0,0,1044,0,0,1,0,2,1,3,4,0,0,,Basment,1952.0
0,1,0,0,1442,0,0,1442,0,0,1,1,4,1,2,7,0,0,,Attchd,1958.0
1,1,0,0,686,564,0,1250,0,1,1,1,3,1,3,7,0,0,,Detchd,1955.0
0,0,0,0,1661,0,0,1661,0,0,2,0,3,1,1,6,0,0,,Attchd,1998.0
0,1,0,0,1008,0,0,1008,0,0,1,0,2,1,2,4,0,1,1,Attchd,1954.0
0,0,0,0,1689,0,0,1689,1,0,2,0,3,1,1,7,0,2,1,Attchd,2002.0
0,1,0,0,1052,0,0,1052,1,0,1,0,3,1,2,6,0,0,,Attchd,1971.0
0,0,0,0,1358,0,0,1358,1,0,2,0,2,1,1,6,0,1,1,Attchd,2010.0
0,0,0,0,798,842,0,1640,0,0,2,1,3,1,1,6,0,0,,Attchd,2003.0
0,2,1,0,936,0,0,936,0,0,1,0,2,1,2,4,2,0,,Detchd,1974.0
0,0,0,0,847,886,0,1733,0,0,2,1,3,1,1,7,0,1,1,BuiltIn,2003.0
0,2,0,0,944,545,0,1489,0,0,2,0,3,1,2,7,0,1,1,Detchd,1940.0
0,0,0,0,1489,0,0,1489,0,0,2,0,3,1,1,7,0,1,1,Attchd,2006.0
0,0,0,0,2084,0,0,2084,1,0,2,0,2,1,0,7,0,1,1,Attchd,2007.0
0,1,0,0,784,0,0,784,1,0,1,0,2,1,1,5,0,0,,,
0,0,0,0,1434,0,0,1434,0,0,2,0,3,1,1,6,0,1,2,Attchd,2001.0
0,2,0,0,1160,966,0,2126,0,1,2,1,3,1,2,7,2,0,,Attchd,1967.0
0,0,0,0,520,623,80,1223,0,0,2,1,2,1,1,4,0,0,,Detchd,2005.0
0,2,0,1,1392,0,0,1392,1,0,1,1,3,1,2,6,0,2,1,Attchd,1957.0
0,0,0,0,520,600,80,1200,0,0,2,1,2,1,1,4,0,0,,Detchd,2005.0
0,0,0,0,941,888,0,1829,1,0,2,1,3,1,1,7,0,1,2,Attchd,2003.0
0,2,0,0,1516,0,0,1516,0,0,1,1,3,1,2,6,0,0,,Attchd,1964.0
0,1,0,0,1144,0,0,1144,1,0,1,0,3,1,2,6,0,0,,Attchd,1961.0
0,2,0,0,1067,0,0,1067,0,0,2,0,2,1,1,4,2,0,,Attchd,1996.0
0,1,0,0,1559,0,0,1559,1,0,1,0,2,1,2,5,2,0,,Detchd,1948.0
0,2,0,0,483,504,0,987,1,0,1,1,2,1,2,5,0,0,,Detchd,1973.0
0,0,0,0,1099,0,0,1099,0,0,1,1,3,1,1,6,0,0,,Attchd,1999.0
0,0,0,0,768,432,0,1200,0,0,1,0,3,1,2,6,0,0,,Detchd,1946.0
0,2,1,0,810,672,0,1482,0,0,2,0,4,1,3,7,0,0,,Detchd,1934.0
0,1,0,0,958,581,0,1539,0,0,2,0,3,1,1,8,0,1,4,Detchd,1983.0
0,2,0,0,1165,0,0,1165,1,0,1,1,3,1,2,6,0,0,,Attchd,1966.0
0,0,1,0,1800,0,0,1800,0,0,2,0,6,2,2,10,0,0,,,
0,1,0,0,876,540,0,1416,0,0,1,1,4,1,2,7,0,1,1,Detchd,1949.0
0,2,0,0,1701,0,0,1701,1,0,2,0,3,1,2,6,2,2,2,Basment,1975.0
0,0,0,0,1006,769,0,1775,1,0,2,1,3,1,1,7,0,1,2,Attchd,1993.0
0,0,0,0,864,0,0,864,1,0,1,0,3,1,2,5,0,1,3,Attchd,1972.0
0,2,0,0,1307,1051,0,2358,0,0,3,0,5,1,2,10,0,1,1,Detchd,1908.0
0,0,0,0,1094,761,0,1855,0,0,2,1,3,1,2,7,0,1,2,Attchd,1976.0
0,0,0,0,848,0,0,848,1,0,1,0,1,1,1,3,0,0,,Attchd,2003.0
0,0,0,0,1456,0,0,1456,0,0,2,0,2,1,1,7,0,1,2,Attchd,2003.0
0,1,0,0,918,728,0,1646,0,0,2,0,4,1,2,7,0,2,1,Detchd,1941.0
0,2,0,0,1445,0,0,1445,0,0,1,1,3,1,2,7,0,1,3,Attchd,1964.0
0,2,0,0,1779,0,0,1779,1,0,1,1,3,1,2,6,0,1,1,Attchd,1955.0
0,0,0,0,1040,0,0,1040,1,0,1,1,3,1,2,6,0,0,,Detchd,1962.0
0,2,0,0,1026,0,0,1026,1,0,1,0,3,1,2,5,0,0,,Detchd,1981.0
0,1,0,0,702,779,0,1481,0,0,2,1,3,1,2,6,0,1,2,Attchd,1994.0
0,2,0,0,1370,0,0,1370,0,0,2,0,3,1,2,6,0,1,2,Attchd,1976.0
0,2,0,0,1512,1142,0,2654,1,0,2,1,4,1,1,9,0,1,1,Attchd,1968.0
0,1,0,0,912,514,0,1426,0,0,1,1,3,1,1,7,0,1,1,Detchd,1925.0
0,0,0,0,1039,0,0,1039,1,0,1,1,3,1,2,6,0,0,,Attchd,1965.0
0,2,0,0,1097,0,0,1097,0,0,2,0,3,1,2,6,0,0,,Attchd,1986.0
0,2,0,0,1148,0,0,1148,1,0,1,0,3,1,2,6,0,0,,Attchd,1959.0
0,0,0,0,1372,0,0,1372,0,0,2,0,3,1,1,6,0,0,,Attchd,2008.0
0,2,0,0,1002,0,0,1002,1,0,1,0,3,1,2,5,0,0,,Detchd,1973.0
0,0,0,0,1646,0,0,1646,0,0,2,0,3,1,1,6,0,1,1,Attchd,2007.0
0,2,0,0,1120,0,0,1120,1,0,1,1,3,1,3,5,0,0,,Attchd,1961.0
0,1,0,0,1547,720,53,2320,0,0,2,0,2,1,2,7,0,1,2,Attchd,1979.0
0,0,0,0,1062,887,0,1949,1,0,2,1,3,1,1,8,0,1,2,Attchd,1993.0
0,1,1,0,894,0,0,894,0,0,1,0,2,1,2,5,0,0,,Detchd,1962.0
0,0,0,0,804,878,0,1682,0,0,2,1,3,1,1,7,0,0,,Attchd,1998.0
0,1,0,0,910,0,0,910,0,0,1,0,3,1,1,5,0,0,,Attchd,1953.0
0,1,0,0,1036,0,232,1268,0,0,1,0,3,1,2,6,0,1,1,Attchd,1949.0
0,0,0,0,676,455,0,1131,0,0,1,1,3,1,2,5,0,0,,Detchd,1941.0
0,0,0,0,1184,1426,0,2610,0,0,2,1,4,1,0,11,0,1,1,BuiltIn,2007.0
0,1,0,0,1040,0,0,1040,1,0,1,0,3,1,2,5,0,0,,Attchd,1963.0
0,0,0,0,1462,762,0,2224,1,0,2,1,4,1,0,10,0,1,1,Attchd,2004.0
0,2,0,0,1155,0,0,1155,1,0,1,0,3,1,1,6,2,0,,Detchd,1987.0
0,0,0,0,864,0,0,864,1,0,1,0,3,1,2,6,0,0,,Attchd,1978.0
0,1,0,0,1090,0,0,1090,1,0,1,1,2,1,2,5,0,0,,Attchd,2005.0
0,0,0,0,1187,530,0,1717,0,0,2,1,3,1,1,7,0,1,2,Attchd,1990.0
0,1,0,0,808,785,0,1593,0,0,2,1,3,1,2,7,0,1,2,BuiltIn,1993.0
0,2,1,0,954,795,481,2230,1,0,1,0,5,1,2,10,0,0,,Detchd,1997.0
0,2,0,0,892,0,0,892,0,0,1,0,3,1,2,5,0,0,,Attchd,1967.0
0,0,0,0,1709,0,0,1709,1,0,2,0,2,1,1,5,0,1,2,Attchd,1999.0
0,0,0,0,1712,0,0,1712,0,0,2,0,4,2,2,8,0,0,,Attchd,2005.0
0,2,0,0,872,521,0,1393,0,0,1,1,3,1,2,8,0,0,,Attchd,1955.0
0,0,0,0,2217,0,0,2217,1,0,2,0,4,1,1,8,0,1,2,Attchd,1970.0
0,0,0,0,1505,0,0,1505,1,0,1,0,2,1,2,6,0,1,2,Attchd,1953.0
0,0,0,0,672,252,0,924,0,0,1,0,3,1,2,6,0,1,4,Detchd,2003.0
0,1,0,0,918,765,0,1683,0,0,2,1,3,1,2,7,0,1,2,Attchd,1978.0
0,2,0,0,1068,0,0,1068,0,1,1,0,3,1,2,6,0,0,,Attchd,1963.0
0,2,0,0,1383,0,0,1383,1,0,1,0,3,1,2,6,0,1,1,Attchd,1954.0
0,2,0,0,1535,0,0,1535,0,0,2,0,4,2,2,8,0,0,,Attchd,1979.0
0,2,0,0,983,813,0,1796,1,0,1,1,4,1,2,8,0,1,2,Attchd,1963.0
0,0,1,0,951,0,0,951,0,0,1,0,2,1,2,6,0,0,,Detchd,1936.0
0,2,0,0,1120,1120,0,2240,0,0,2,0,6,2,2,12,0,0,,Detchd,1979.0
0,0,0,0,2364,0,0,2364,1,0,2,1,2,1,0,11,0,2,1,Attchd,2009.0
0,2,0,0,1236,0,0,1236,0,0,1,0,3,1,2,6,0,1,2,Attchd,1961.0
0,2,0,0,858,0,0,858,0,0,1,0,2,1,2,4,0,0,,Detchd,1979.0
0,2,0,0,1306,0,0,1306,1,0,1,0,2,1,2,5,0,0,,Detchd,1968.0
0,0,0,0,807,702,0,1509,0,0,2,1,3,1,1,8,0,1,1,Attchd,2003.0
0,0,0,0,1670,0,0,1670,0,0,2,0,3,1,1,7,0,1,1,Attchd,2006.0
0,2,0,0,902,0,0,902,0,0,1,0,3,1,2,6,0,0,,Attchd,1967.0
0,2,0,0,1063,0,0,1063,1,0,1,0,3,1,2,6,0,0,,Attchd,1954.0
0,0,0,0,1636,0,0,1636,1,0,2,0,3,1,1,8,0,1,1,Attchd,2006.0
0,1,0,0,1020,1037,0,2057,0,0,1,1,3,1,1,6,0,1,1,Attchd,1936.0
0,2,0,0,902,0,0,902,1,0,1,0,2,1,2,5,0,0,,Attchd,1983.0
0,0,0,0,742,742,0,1484,0,0,2,1,3,1,1,8,0,1,1,Attchd,2005.0
0,2,0,1,1105,1169,0,2274,0,0,2,0,5,2,2,12,0,0,,Detchd,1960.0
0,2,0,0,1268,0,0,1268,0,0,1,1,3,1,1,5,0,0,,Detchd,1978.0
0,2,1,0,1015,0,0,1015,0,0,1,0,3,1,2,6,1,0,,Detchd,1925.0
0,2,1,1,1001,1001,0,2002,0,0,2,0,4,2,2,8,0,0,,2Types,1949.0
0,0,0,0,612,612,0,1224,0,0,2,1,2,1,1,4,0,0,,Detchd,2009.0
0,3,0,0,546,546,0,1092,0,0,1,1,3,1,2,6,0,0,,Attchd,1970.0
0,2,1,1,480,0,0,480,1,0,0,0,1,1,2,4,0,0,,Detchd,1958.0
0,0,0,1,1229,0,0,1229,0,0,1,0,3,1,2,6,0,0,,Attchd,1956.0
0,0,0,0,912,1215,0,2127,1,0,2,1,4,1,1,8,0,1,2,Attchd,1991.0
0,0,0,0,1414,0,0,1414,1,0,1,0,3,1,2,6,1,1,2,Attchd,1990.0
0,0,0,0,936,785,0,1721,0,1,2,1,3,1,1,7,0,0,,Attchd,1994.0
0,1,0,0,1272,928,0,2200,2,0,2,2,4,2,2,9,0,0,,,
0,0,0,0,1316,0,0,1316,0,0,2,0,3,1,1,6,0,1,1,Attchd,2005.0
0,0,0,0,1617,0,0,1617,1,0,2,0,2,1,1,5,0,1,3,Attchd,1993.0
0,2,0,0,1686,0,0,1686,1,0,2,0,3,1,2,7,0,1,2,Attchd,1980.0
0,2,0,0,1126,0,0,1126,0,1,2,0,3,1,0,6,0,0,,Attchd,1977.0
0,0,0,0,1234,1140,0,2374,0,0,2,1,4,1,0,10,0,1,1,BuiltIn,2003.0
0,1,0,0,1098,880,0,1978,0,0,2,1,4,1,2,9,0,1,1,Attchd,1968.0
0,0,0,0,1788,0,0,1788,0,0,2,0,3,1,0,7,0,1,2,Attchd,2001.0
0,1,0,0,993,1243,0,2236,0,0,2,1,4,1,1,8,0,1,2,BuiltIn,1997.0
0,0,0,0,1466,0,0,1466,0,0,2,0,3,1,1,7,0,0,,Attchd,2007.0
0,0,0,0,925,0,0,925,0,1,1,0,2,1,2,5,0,0,,Detchd,1965.0
0,0,0,0,1905,0,0,1905,0,0,2,0,3,1,0,8,0,1,1,Attchd,2006.0
0,0,0,0,1500,0,0,1500,0,0,2,0,3,1,1,6,0,0,,Attchd,2004.0
0,0,0,0,2069,0,0,2069,1,0,2,0,4,1,1,9,0,1,1,Attchd,1960.0
0,1,0,0,747,0,0,747,0,0,1,0,1,1,2,5,0,0,,Detchd,1953.0
0,0,0,0,1200,0,0,1200,1,0,2,0,2,1,1,5,0,0,,Attchd,2003.0
0,0,0,0,1113,858,0,1971,0,0,2,1,3,1,1,8,0,1,1,Attchd,2005.0
0,0,0,0,1391,571,0,1962,0,0,2,1,3,1,1,7,0,0,,Attchd,2006.0
0,0,0,0,1207,1196,0,2403,0,0,2,0,4,1,2,10,0,2,2,Attchd,1940.0
0,2,0,0,1728,0,0,1728,0,0,2,0,4,2,2,8,0,0,,Attchd,1976.0
0,0,0,0,1022,1038,0,2060,1,0,2,1,3,1,1,8,0,1,2,BuiltIn,1999.0
0,2,0,0,1440,0,0,1440,2,0,2,0,4,2,2,8,0,0,,,
0,2,0,0,1632,0,0,1632,0,0,2,0,4,2,2,8,0,0,,Attchd,1967.0
0,1,0,1,1344,0,0,1344,0,1,1,0,3,1,1,7,0,1,1,Basment,1958.0
0,2,0,0,1188,561,120,1869,0,0,1,0,2,1,2,7,0,0,,Detchd,1963.0
0,2,0,0,1144,0,0,1144,1,0,1,0,3,1,2,6,0,1,2,Attchd,1959.0
0,0,0,0,1629,0,0,1629,1,0,2,0,3,1,1,9,0,1,1,Attchd,2002.0
0,0,0,0,936,840,0,1776,0,0,2,1,3,1,1,7,0,1,2,Attchd,2002.0
0,2,0,0,1381,0,0,1381,1,0,1,1,3,1,1,5,0,1,2,Attchd,1972.0
0,1,0,0,864,0,0,864,1,0,1,0,3,1,1,5,0,0,,Detchd,1980.0
0,1,0,0,965,0,0,965,1,0,1,0,3,1,2,6,0,0,,Detchd,1979.0
0,1,0,0,768,0,0,768,0,1,1,0,2,1,2,5,0,0,,Detchd,1974.0
0,0,0,0,1168,800,0,1968,0,1,2,1,4,1,2,7,2,1,4,Attchd,1969.0
0,2,0,0,980,0,0,980,0,2,2,0,4,0,2,4,0,0,,,
0,2,1,2,979,979,0,1958,0,0,2,0,4,2,2,8,0,0,,Attchd,1946.0
0,2,0,0,561,668,0,1229,0,0,1,1,2,1,2,5,0,1,2,Attchd,1980.0
0,2,0,0,1057,0,0,1057,0,0,1,0,3,1,2,6,0,0,,Detchd,1977.0
0,0,0,0,1337,0,0,1337,1,0,2,0,3,1,1,6,0,0,,Attchd,2003.0
0,0,0,0,696,720,0,1416,1,0,2,1,3,1,1,6,0,0,,Detchd,1999.0
0,1,0,0,858,0,0,858,1,0,1,0,2,1,2,4,0,0,,,
0,2,0,0,1542,1330,0,2872,1,0,2,1,4,1,2,11,0,1,2,Attchd,1977.0
0,2,0,0,804,744,0,1548,1,0,2,1,3,1,1,7,0,1,2,Detchd,1976.0
0,0,0,0,1800,0,0,1800,0,0,2,0,2,1,0,7,0,0,,Attchd,2007.0
0,0,0,0,824,1070,0,1894,1,0,2,1,4,1,1,8,0,1,1,BuiltIn,2002.0
0,0,0,0,783,701,0,1484,0,0,2,1,3,1,1,8,0,1,1,Attchd,2005.0
0,0,0,0,976,332,0,1308,1,0,1,1,2,1,2,7,2,2,2,Detchd,1940.0
0,2,0,0,1098,0,0,1098,1,0,1,0,3,1,2,6,0,0,,Attchd,1955.0
Grav,3,1,0,600,368,0,968,0,0,1,0,2,1,2,6,0,0,,,
0,2,0,0,1095,0,0,1095,1,0,1,0,2,1,2,6,0,0,,Attchd,1958.0
0,2,1,1,720,472,0,1192,0,0,1,1,4,1,2,6,0,0,,,
0,0,0,0,764,862,0,1626,0,0,2,0,2,1,1,6,0,0,,BuiltIn,2003.0
0,2,0,0,918,0,0,918,0,0,2,0,2,1,2,5,0,1,2,Attchd,1979.0
0,0,0,0,1428,0,0,1428,0,0,2,0,3,1,1,6,0,0,,Attchd,2007.0
0,2,1,0,1136,883,0,2019,0,0,1,0,3,1,1,8,0,0,,Detchd,1997.0
0,0,0,0,673,709,0,1382,1,0,2,1,3,1,1,6,0,0,,Detchd,2000.0
0,2,0,1,869,0,0,869,0,0,1,0,2,1,3,4,0,0,,,
0,0,0,0,1241,0,0,1241,1,0,1,1,1,1,1,4,0,0,,Attchd,2007.0
0,0,0,0,894,0,0,894,0,0,1,0,3,1,2,5,0,0,,Detchd,1999.0
0,2,0,0,1121,0,0,1121,1,0,1,0,3,1,2,5,0,0,,Detchd,1963.0
0,1,0,0,999,0,0,999,1,0,1,0,3,1,0,6,0,0,,Attchd,1961.0
0,0,0,0,1276,1336,0,2612,1,0,2,1,4,1,1,8,0,1,2,Attchd,1998.0
0,0,0,0,1266,0,0,1266,0,0,2,0,2,1,1,6,0,1,1,Attchd,2007.0
0,0,0,0,1149,1141,0,2290,0,0,2,1,4,1,1,9,0,1,1,Attchd,2002.0
0,2,0,0,1302,432,0,1734,0,0,2,0,4,2,1,8,0,0,,Attchd,1977.0
1,2,1,0,1164,0,0,1164,1,0,1,0,3,1,2,5,0,0,,Detchd,1950.0
0,1,0,0,1001,634,0,1635,0,0,1,0,2,1,1,5,0,0,,Attchd,1950.0
0,0,0,0,1940,0,0,1940,1,0,2,1,3,1,0,8,0,1,1,Attchd,2010.0
0,2,0,0,1118,912,0,2030,0,0,2,1,4,1,1,8,0,1,2,Attchd,1976.0
0,0,0,0,778,798,0,1576,0,0,2,1,3,1,1,6,0,0,,Attchd,2006.0
0,0,0,0,1407,985,0,2392,1,0,2,1,3,1,1,7,0,1,2,Attchd,1997.0
0,1,0,0,916,826,0,1742,0,0,1,1,4,1,1,8,0,1,1,Attchd,1925.0
0,1,0,0,1020,831,0,1851,0,0,2,1,3,1,1,7,0,1,3,Attchd,1964.0
0,0,0,0,750,750,0,1500,0,0,2,1,3,1,1,6,0,0,,Attchd,2005.0
0,0,0,0,1718,0,0,1718,1,0,2,0,3,1,0,7,0,1,1,Attchd,2008.0
0,2,0,0,774,456,0,1230,1,0,1,1,3,1,2,5,0,0,,Detchd,1946.0
0,2,0,0,1050,0,0,1050,1,0,1,0,3,1,2,6,0,0,,Attchd,1961.0
0,2,0,0,1442,0,0,1442,0,0,2,0,2,1,2,6,0,1,2,Attchd,1970.0
0,3,1,0,1077,0,0,1077,0,0,1,0,3,1,2,6,0,1,1,Detchd,1922.0
0,0,0,0,1208,0,0,1208,1,0,2,0,2,1,1,6,0,0,,Attchd,2006.0
1,3,1,2,944,0,0,944,0,0,1,0,2,1,3,4,1,0,,Detchd,1956.0
0,0,0,1,691,0,0,691,0,0,1,0,2,1,0,4,0,0,,Detchd,1920.0
0,0,0,0,1574,0,0,1574,0,0,2,0,3,1,1,7,0,1,1,Attchd,2006.0
0,3,0,0,1680,0,0,1680,0,0,2,0,4,2,2,8,0,0,,Detchd,1976.0
0,0,0,0,1504,0,0,1504,0,0,2,0,1,1,1,7,0,1,1,Attchd,2005.0
0,2,0,0,985,0,0,985,0,0,2,0,3,1,2,6,0,0,,Attchd,1977.0
0,1,0,0,1657,0,0,1657,0,1,2,0,3,1,2,7,0,1,2,Attchd,1970.0
0,2,0,0,546,546,0,1092,0,0,1,1,3,1,2,6,0,0,,Attchd,1970.0
0,0,0,0,1710,0,0,1710,0,0,2,0,3,1,1,7,0,1,1,Attchd,2004.0
0,0,0,0,1008,0,514,1522,0,0,2,0,4,1,2,7,0,0,,,
0,2,0,0,720,551,0,1271,0,0,2,0,4,1,2,7,0,1,1,Attchd,1948.0
0,2,1,0,1664,0,0,1664,0,0,2,0,4,2,2,8,0,0,,,
0,2,0,0,900,602,0,1502,0,0,1,1,3,1,1,7,0,2,2,Detchd,1923.0
1,2,1,0,1022,0,0,1022,1,0,1,0,2,1,2,4,5,0,,Detchd,1956.0
0,2,0,0,1082,0,0,1082,0,0,1,0,2,1,2,5,0,1,1,Detchd,1948.0
0,0,0,0,810,855,0,1665,1,0,2,1,3,1,1,6,0,0,,Attchd,2001.0
0,0,0,0,1504,0,0,1504,1,0,2,0,3,1,1,6,0,1,2,Attchd,1996.0
0,1,0,0,1360,0,0,1360,1,0,1,0,1,1,1,4,0,1,0,Attchd,1984.0
0,1,0,0,802,670,0,1472,0,0,2,1,3,1,1,7,0,1,2,Attchd,1991.0
0,0,0,0,1506,0,0,1506,0,0,2,0,2,1,1,6,0,1,1,Attchd,2005.0
0,0,0,0,1132,0,0,1132,1,0,1,1,2,1,1,5,0,0,,Attchd,2005.0
0,0,0,0,1220,0,0,1220,1,0,2,0,2,1,1,6,0,0,,Attchd,2006.0
0,1,0,1,912,336,0,1248,0,0,1,0,2,1,2,6,0,0,,Detchd,1957.0
0,0,0,0,1504,0,0,1504,0,0,2,0,2,1,1,7,0,1,1,Attchd,2005.0
0,2,0,0,2898,0,0,2898,1,0,2,0,2,1,1,10,0,1,1,Attchd,1976.0
0,2,0,0,882,0,0,882,1,0,1,0,3,1,2,5,0,0,,Detchd,1980.0
0,2,0,0,1264,0,0,1264,1,0,1,0,3,1,2,6,0,2,1,Attchd,1960.0
0,0,0,0,1646,0,0,1646,1,0,2,0,3,1,1,7,0,1,1,Attchd,2008.0
0,2,0,0,968,408,0,1376,1,0,1,0,3,1,2,6,0,1,1,Attchd,1941.0
0,1,0,0,672,546,0,1218,0,1,1,1,3,1,2,7,0,0,,Detchd,1972.0
0,1,0,0,948,980,0,1928,0,0,2,0,5,2,2,10,0,0,,,
0,0,0,0,1687,998,397,3082,1,0,2,1,5,1,2,12,0,2,2,Basment,1970.0
0,0,0,0,1352,1168,0,2520,1,0,2,1,5,1,1,10,0,1,2,Attchd,1993.0
0,0,0,0,1654,0,0,1654,1,0,2,0,3,1,1,6,0,0,,Attchd,2002.0
0,0,0,0,954,0,0,954,0,0,1,0,2,1,3,5,0,1,1,Basment,1938.0
0,0,1,0,845,0,0,845,0,0,1,0,3,1,2,5,0,0,,Detchd,1957.0
0,0,0,0,1620,0,0,1620,1,0,2,0,2,1,0,6,0,1,0,Attchd,2008.0
0,0,0,0,1055,1208,0,2263,0,0,2,1,3,1,1,7,0,1,2,BuiltIn,2001.0
0,2,0,0,798,546,0,1344,0,0,1,1,3,1,2,6,0,1,2,,
0,2,0,0,630,0,0,630,1,0,1,0,1,1,2,3,0,0,,Attchd,1970.0
0,0,0,0,1803,0,0,1803,1,0,2,0,3,1,2,8,4,1,2,Attchd,1957.0
0,1,0,0,800,832,0,1632,0,1,1,1,4,1,1,7,0,0,,Attchd,1966.0
0,0,0,0,1306,0,0,1306,1,0,2,0,1,1,1,5,0,1,1,Attchd,2005.0
0,0,0,0,1532,797,0,2329,1,0,2,1,4,1,1,10,0,1,0,Attchd,1990.0
0,2,0,0,2524,0,0,2524,1,0,2,1,4,1,1,9,0,1,1,Attchd,1981.0
0,0,0,1,1733,0,0,1733,0,0,2,0,4,1,2,8,2,1,1,Attchd,1955.0
0,0,0,0,1992,876,0,2868,0,0,3,1,4,1,0,11,0,1,1,BuiltIn,2005.0
0,0,0,0,990,0,0,990,0,1,1,0,3,1,2,5,0,0,,Detchd,1996.0
0,2,0,0,1771,0,0,1771,0,0,1,0,3,1,2,9,1,1,2,Attchd,1960.0
0,0,0,0,930,0,0,930,0,0,1,0,2,1,1,6,0,0,,Detchd,1946.0
0,0,0,0,1302,0,0,1302,0,0,2,0,3,1,1,6,0,0,,Attchd,2007.0
0,0,0,0,1316,0,0,1316,0,0,2,0,3,1,1,6,0,1,1,Attchd,2007.0
0,2,0,0,1127,850,0,1977,0,1,1,1,4,1,2,9,0,1,2,Attchd,1964.0
0,0,0,1,1526,0,0,1526,0,0,1,0,4,1,2,7,2,1,1,Basment,1957.0
0,0,0,0,1091,898,0,1989,1,0,2,1,3,1,1,7,0,1,1,Attchd,2002.0
0,2,0,0,1523,0,0,1523,0,1,2,0,3,1,2,7,0,1,2,Attchd,1976.0
0,0,0,0,1364,0,0,1364,1,0,2,0,2,1,1,6,0,1,1,Attchd,2005.0
0,0,0,0,979,871,0,1850,0,0,2,1,3,1,1,7,0,1,1,BuiltIn,1994.0
0,0,0,0,1130,1054,0,2184,1,0,2,1,3,1,0,10,0,1,1,Attchd,2008.0
0,2,0,0,1096,895,0,1991,0,0,1,1,3,1,2,7,0,1,1,Detchd,1977.0
0,0,0,0,1338,0,0,1338,1,0,2,0,2,1,1,6,0,0,,Attchd,2001.0
0,2,0,0,894,0,0,894,0,0,1,0,2,1,2,6,0,0,,Detchd,1994.0
0,2,1,0,1422,915,0,2337,0,0,2,0,5,2,2,10,2,0,,Detchd,1945.0
0,1,0,0,1103,0,0,1103,0,0,1,0,2,1,1,5,0,1,1,Detchd,1976.0
0,0,0,0,1154,0,0,1154,0,0,1,1,3,1,2,6,0,1,4,Attchd,1966.0
0,0,0,0,1306,954,0,2260,1,0,2,1,3,1,1,7,0,0,,Attchd,1996.0
0,1,0,0,799,772,0,1571,0,0,2,1,3,1,2,7,0,1,2,Attchd,1993.0
0,2,0,0,798,813,0,1611,1,0,1,1,4,1,2,7,0,0,,Attchd,1964.0
0,1,0,0,1291,1230,0,2521,1,0,2,1,5,1,2,10,4,1,1,Attchd,1973.0
0,2,0,0,893,0,0,893,0,1,1,0,2,1,1,4,0,0,,Detchd,1985.0
0,2,0,0,1048,0,0,1048,1,0,1,0,3,1,2,6,0,0,,Attchd,1956.0
0,0,0,0,829,727,0,1556,0,0,1,1,4,1,2,8,0,0,,Attchd,1968.0
0,3,0,1,1002,454,0,1456,1,1,1,0,4,1,2,7,0,1,2,Detchd,1954.0
0,2,0,0,698,728,0,1426,0,0,1,1,3,1,2,6,0,0,,Attchd,1977.0
0,0,0,0,1240,0,0,1240,0,0,2,0,2,1,1,5,0,0,,Attchd,2006.0
0,2,0,0,960,780,0,1740,0,0,1,1,3,1,2,6,0,2,1,Attchd,1940.0
0,1,0,0,1096,370,0,1466,0,1,2,0,3,1,1,7,1,1,2,Attchd,1950.0
0,0,0,0,1096,0,0,1096,1,0,1,0,3,1,2,6,0,0,,Attchd,1969.0
0,0,0,0,848,0,0,848,1,0,1,0,1,1,1,3,0,1,1,Attchd,2004.0
0,1,0,0,990,0,0,990,0,0,1,0,3,1,2,5,0,0,,Attchd,1996.0
0,0,0,0,1258,0,0,1258,0,1,2,0,3,1,1,5,0,0,,Attchd,1971.0
0,3,0,0,1040,0,0,1040,1,0,1,1,3,1,2,5,0,0,,Attchd,1963.0
0,0,0,0,1459,0,0,1459,0,0,2,0,3,1,1,6,0,1,1,Attchd,2002.0
0,2,0,0,1251,0,0,1251,1,0,1,0,3,1,2,6,0,2,1,Attchd,1964.0
0,1,0,0,691,807,0,1498,0,0,2,1,3,1,2,6,0,1,2,Attchd,1995.0
0,0,0,0,996,0,0,996,1,0,1,0,2,1,1,5,0,0,,Attchd,1992.0
0,2,0,0,546,546,0,1092,0,0,1,1,3,1,2,6,0,0,,Attchd,1973.0
0,0,0,0,1082,871,0,1953,0,0,2,1,3,1,1,9,0,1,1,Attchd,2005.0
0,0,0,0,970,739,0,1709,0,0,2,0,3,1,1,7,4,0,,Detchd,2004.0
0,0,0,0,1247,0,0,1247,1,0,1,1,1,1,1,4,0,1,1,Attchd,2005.0
3,3,1,1,1040,0,0,1040,0,0,2,0,2,2,2,6,0,0,,Detchd,1987.0
0,0,0,0,624,628,0,1252,1,0,2,1,2,1,1,4,0,0,,Detchd,1999.0
0,3,0,0,1390,304,0,1694,0,0,2,0,4,1,2,7,0,1,1,Detchd,1925.0
0,1,0,0,1200,0,0,1200,1,0,1,1,1,1,1,6,0,0,,Detchd,1977.0
0,0,0,0,936,0,0,936,1,0,1,0,2,1,2,4,0,0,,Attchd,1956.0
0,1,0,0,1314,0,0,1314,0,0,2,0,3,1,1,6,0,1,1,Attchd,2006.0
0,2,0,0,773,582,0,1355,0,0,1,1,3,1,1,7,0,0,,,
0,0,0,0,1088,0,0,1088,0,0,1,1,2,1,1,5,0,0,,Attchd,1987.0
0,2,0,0,757,567,0,1324,0,0,1,0,3,1,2,6,0,0,,Detchd,1936.0
0,2,0,0,1601,0,0,1601,0,0,2,0,3,1,2,7,0,1,2,Attchd,1978.0
0,2,1,2,438,0,0,438,0,0,1,0,1,1,3,3,0,0,,Detchd,1930.0
0,2,0,0,950,0,0,950,0,0,1,0,3,1,2,5,0,0,,Detchd,1981.0
0,0,0,0,1134,0,0,1134,0,0,1,0,2,1,2,6,0,0,,Attchd,1960.0
0,0,0,0,1194,0,0,1194,0,1,1,0,3,1,2,6,0,1,3,BuiltIn,1954.0
0,2,0,0,630,672,0,1302,0,0,2,1,3,1,2,6,0,0,,Detchd,1970.0
0,0,0,0,1500,1122,0,2622,1,0,2,1,3,1,1,9,0,2,2,Attchd,1994.0
0,1,0,0,1442,0,0,1442,1,0,2,0,3,1,1,6,0,1,2,Attchd,1990.0
0,0,0,0,887,1134,0,2021,0,0,2,1,3,1,1,9,0,1,1,BuiltIn,2006.0
0,0,0,0,948,742,0,1690,0,0,2,1,3,1,2,7,0,1,2,Attchd,2000.0
0,0,0,0,1836,0,0,1836,1,0,2,0,3,1,1,7,0,1,1,Attchd,2004.0
0,1,0,0,773,885,0,1658,1,0,2,1,3,1,2,8,0,1,2,Attchd,1995.0
0,2,0,0,1098,866,0,1964,0,0,2,1,4,1,2,8,0,1,1,Attchd,1976.0
0,2,0,1,816,0,0,816,1,0,1,0,2,1,2,5,0,0,,Detchd,1957.0
0,1,0,0,1008,0,0,1008,1,0,1,0,2,1,1,6,0,0,,Attchd,1953.0
0,0,0,0,833,0,0,833,0,0,1,0,2,1,1,4,0,0,,Detchd,1955.0
0,0,0,0,1734,0,0,1734,1,0,2,0,3,1,0,7,0,1,1,Attchd,2007.0
0,0,0,0,779,640,0,1419,1,0,2,1,3,1,1,7,0,1,2,BuiltIn,2002.0
0,0,0,0,894,0,0,894,1,0,1,0,3,1,1,5,0,0,,Attchd,1967.0
0,2,0,0,1021,580,0,1601,0,1,1,0,3,1,2,6,2,0,,BuiltIn,1958.0
0,2,0,1,1040,0,0,1040,0,0,1,0,3,1,2,6,0,0,,Attchd,1959.0
0,2,0,1,1012,0,0,1012,0,0,1,0,2,1,2,6,0,1,1,Detchd,1920.0
0,0,0,0,1552,0,0,1552,0,0,2,0,3,1,1,7,0,0,,Attchd,2005.0
0,0,0,1,960,0,0,960,0,0,1,0,3,1,2,5,0,0,,Basment,1956.0
0,0,0,0,698,0,0,698,0,1,1,0,2,1,2,4,0,0,,,
0,1,0,0,812,670,0,1482,0,0,2,1,3,1,1,7,0,1,2,Attchd,1992.0
0,2,0,0,1005,0,0,1005,0,0,1,0,2,1,3,5,0,1,2,Detchd,1977.0
0,0,0,0,1555,0,0,1555,0,0,2,0,2,1,1,7,0,1,2,Attchd,2007.0
0,0,0,0,1530,0,0,1530,1,0,2,0,3,1,1,7,0,1,1,Attchd,2004.0
0,0,0,0,847,1112,0,1959,0,0,2,1,4,1,1,8,0,1,1,BuiltIn,2004.0
0,2,0,0,936,0,0,936,1,0,1,0,2,1,2,4,0,0,,Detchd,1980.0
0,2,0,0,1328,653,0,1981,1,0,2,0,4,1,1,7,2,2,2,Detchd,1981.0
0,2,0,0,974,0,0,974,0,0,1,0,3,1,2,5,0,0,,,
1,2,0,0,1178,1032,0,2210,0,0,2,0,5,1,3,8,0,0,,Detchd,1930.0
0,0,0,0,1142,878,0,2020,0,0,2,1,3,1,1,8,0,1,2,Attchd,1995.0
0,1,0,0,916,684,0,1600,0,0,2,1,3,1,2,7,0,1,2,Attchd,1997.0
0,2,1,0,986,0,0,986,0,0,1,0,2,1,2,5,0,1,1,Detchd,1926.0
0,2,0,1,1032,220,0,1252,0,0,1,0,3,1,2,6,0,0,,Attchd,1950.0
0,1,1,0,780,240,0,1020,0,0,1,0,2,1,2,6,0,0,,,
0,2,0,0,1567,0,0,1567,1,0,2,0,2,1,1,5,0,2,2,Attchd,1977.0
0,2,0,0,1167,0,0,1167,0,0,1,0,3,1,2,6,4,1,1,Detchd,1972.0
0,2,0,0,952,0,0,952,1,0,1,0,2,1,2,4,0,0,,Detchd,1988.0
0,0,0,0,1088,780,0,1868,1,0,2,1,4,1,1,9,0,1,2,Attchd,1976.0
0,0,0,0,1466,1362,0,2828,1,0,3,0,4,1,1,11,0,1,2,BuiltIn,2006.0
0,2,0,0,1006,0,0,1006,0,0,1,0,3,1,2,5,0,0,,,
Grav,3,1,1,672,252,0,924,1,0,1,0,2,1,3,5,0,0,,Detchd,1941.0
0,0,0,0,1042,534,0,1576,0,0,1,0,3,1,2,8,0,1,1,Detchd,1928.0
0,2,0,0,1298,0,0,1298,1,0,2,0,3,1,1,5,0,1,2,Attchd,1985.0
0,0,0,0,860,704,0,1564,0,0,1,1,3,1,3,7,0,1,1,Attchd,1941.0
0,2,0,0,572,539,0,1111,0,0,1,0,2,1,2,5,0,1,1,Detchd,1982.0
0,0,0,0,832,650,0,1482,0,1,1,0,3,1,2,7,0,0,,Detchd,1930.0
0,0,0,1,932,0,0,932,0,0,1,0,2,1,1,4,0,1,1,Attchd,1950.0
0,2,0,0,1466,0,0,1466,0,0,1,1,3,1,3,6,0,2,1,Attchd,1959.0
0,0,0,0,1811,0,0,1811,0,0,1,0,2,1,0,6,0,1,1,Attchd,1956.0
0,0,0,0,816,0,0,816,0,0,1,0,2,1,2,5,0,0,,Detchd,2002.0
0,2,0,0,902,918,0,1820,0,0,1,2,4,1,1,8,0,2,1,Attchd,1965.0
0,2,0,0,1437,0,0,1437,1,0,2,0,3,1,1,6,0,1,3,Attchd,1976.0
0,1,0,0,1265,0,0,1265,0,1,2,0,3,1,1,6,0,1,1,Attchd,1965.0
0,0,0,0,1314,0,0,1314,1,0,2,0,2,1,1,6,0,1,1,Attchd,2008.0
0,0,0,0,1580,0,0,1580,0,0,2,0,3,1,1,7,0,0,,Attchd,2008.0
0,2,0,0,943,933,0,1876,0,0,2,1,4,1,1,8,0,1,2,Attchd,1974.0
0,3,0,0,855,601,0,1456,0,0,2,1,3,1,2,7,0,1,2,Attchd,1978.0
0,0,0,0,1640,0,0,1640,1,0,1,0,3,1,1,7,0,1,1,Detchd,1993.0
0,1,0,0,894,0,0,894,0,0,1,0,3,1,2,5,0,1,4,Attchd,1968.0
0,2,0,0,1258,0,0,1258,2,0,0,2,0,2,2,6,0,0,,CarPort,1969.0
0,0,0,0,1432,0,0,1432,1,0,1,1,2,1,1,5,0,1,2,Attchd,1978.0
0,0,0,0,1502,0,0,1502,0,0,2,0,3,1,1,7,0,0,,Attchd,2009.0
0,0,0,0,1694,0,0,1694,0,0,2,0,3,1,1,7,0,0,,Attchd,2008.0
0,0,0,0,959,712,0,1671,1,0,2,1,3,1,2,7,0,1,2,Attchd,2000.0
0,0,0,0,1236,872,0,2108,0,0,2,0,4,1,1,7,0,2,2,Basment,1935.0
0,0,0,0,1831,1796,0,3627,1,0,3,1,4,1,1,10,0,1,2,Attchd,1995.0
0,2,0,0,1118,0,0,1118,1,0,1,0,3,1,2,6,0,1,4,Attchd,1977.0
0,0,0,0,1261,0,0,1261,1,0,1,0,3,1,2,6,0,1,2,Attchd,1958.0
0,0,0,0,625,625,0,1250,0,0,2,1,2,1,1,5,0,0,,Detchd,2006.0
0,2,0,0,1636,971,479,3086,0,0,3,0,3,1,0,12,4,1,1,,
0,2,0,0,1170,1175,0,2345,0,0,2,1,4,1,2,9,0,1,1,Detchd,1932.0
0,0,0,0,2129,743,0,2872,0,0,2,1,4,1,1,9,0,1,2,Attchd,1992.0
0,2,0,0,923,0,0,923,1,0,1,0,3,1,2,5,0,0,,Attchd,1984.0
0,2,0,0,818,406,0,1224,0,0,1,0,3,1,2,5,0,0,,Detchd,1926.0
0,0,0,0,820,523,0,1343,0,0,1,1,3,1,2,7,0,1,1,Detchd,1921.0
0,1,0,0,1124,0,0,1124,0,0,1,0,3,1,2,5,2,1,1,,
0,0,0,0,1298,1216,0,2514,0,0,2,1,4,1,2,8,0,0,,Attchd,1990.0
0,0,0,0,1652,0,0,1652,1,1,2,0,2,1,1,5,0,1,1,Attchd,2008.0
0,0,0,0,2411,2065,0,4476,1,0,3,1,4,1,0,10,0,2,2,Attchd,1996.0
0,0,0,0,1130,0,0,1130,1,0,1,0,2,1,2,5,0,1,1,Detchd,1970.0
0,1,0,0,1572,0,0,1572,1,0,1,1,3,1,2,5,0,2,2,2Types,1963.0
0,1,0,0,949,272,0,1221,1,0,1,0,4,1,2,7,0,0,,Attchd,1965.0
0,2,0,0,1014,685,0,1699,1,0,2,0,3,2,2,7,0,0,,CarPort,1920.0
0,0,0,0,1624,0,0,1624,1,0,2,0,2,1,1,5,0,1,3,Attchd,1994.0
0,0,0,0,831,829,0,1660,0,0,2,1,3,1,1,7,0,0,,Attchd,2002.0
0,1,0,0,1028,776,0,1804,0,0,2,1,3,1,1,7,0,1,2,Attchd,1999.0
0,0,0,0,1622,0,0,1622,1,0,1,0,3,1,2,7,0,1,2,2Types,1975.0
0,0,0,0,764,677,0,1441,0,0,2,1,2,1,1,5,0,0,,Detchd,1999.0
0,1,0,0,842,630,0,1472,0,0,1,0,3,1,1,6,0,0,,Detchd,1925.0
0,0,0,0,1224,0,0,1224,1,0,2,0,2,1,2,5,0,0,,Attchd,1999.0
0,2,0,0,663,689,0,1352,0,0,1,1,4,1,2,7,0,0,,Attchd,1969.0
0,0,0,0,728,728,0,1456,0,0,2,1,3,1,1,8,0,0,,Attchd,2005.0
0,0,0,0,879,984,0,1863,0,0,2,1,4,1,1,9,0,1,1,BuiltIn,2006.0
0,0,0,0,815,875,0,1690,0,0,1,0,3,1,2,7,0,1,1,Detchd,1916.0
0,0,0,0,1212,0,0,1212,0,0,2,0,3,1,1,6,0,0,,Attchd,2001.0
0,1,0,0,1382,0,0,1382,0,0,1,1,3,1,2,6,0,1,4,Attchd,1974.0
0,1,0,0,864,0,0,864,0,0,1,0,3,1,2,5,0,0,,Attchd,1972.0
0,0,0,0,866,913,0,1779,0,0,2,1,3,1,1,6,0,0,,Attchd,1998.0
0,0,0,0,884,464,0,1348,1,0,1,0,3,1,2,5,0,1,3,Detchd,1960.0
0,0,0,0,1630,0,0,1630,0,0,2,0,3,1,1,6,0,1,2,Attchd,2000.0
0,0,0,0,1074,0,0,1074,1,0,1,1,3,1,2,6,0,0,,Attchd,1975.0
0,1,0,0,2196,0,0,2196,0,0,2,0,3,1,1,7,0,1,2,Attchd,1990.0
0,2,0,0,1056,0,0,1056,1,0,1,0,2,1,2,5,0,0,,Detchd,1966.0
0,0,0,0,1700,0,0,1700,1,0,2,0,3,1,1,7,0,0,,Attchd,2003.0
0,2,0,0,1283,0,0,1283,1,0,1,0,3,1,2,6,0,0,,Detchd,1980.0
0,0,0,0,1660,0,0,1660,1,0,2,0,3,1,1,8,0,1,1,Attchd,2006.0
0,0,0,0,1055,790,0,1845,0,0,2,1,3,1,1,8,0,1,2,Attchd,1992.0
0,1,0,0,1080,672,0,1752,0,0,2,0,4,1,2,8,0,0,,Basment,1988.0
0,2,0,0,672,0,0,672,1,0,1,0,2,1,2,4,0,0,,Attchd,1941.0
0,0,0,0,960,0,0,960,1,1,0,0,0,1,2,3,0,0,,Attchd,1965.0
0,2,0,0,999,0,0,999,1,0,1,0,3,1,2,6,0,0,,Attchd,1962.0
0,2,0,0,894,0,0,894,0,0,1,0,3,1,2,5,0,0,,Detchd,1966.0
0,2,0,0,1318,584,0,1902,0,0,2,0,4,2,2,8,0,0,,Attchd,1978.0
0,0,0,0,1314,0,0,1314,1,0,2,0,3,1,1,6,0,0,,Attchd,2009.0
0,1,1,0,672,240,0,912,0,0,1,0,2,1,2,3,0,0,,,
0,2,0,0,672,546,0,1218,0,0,1,1,3,1,2,7,0,0,,,
0,2,0,0,912,0,0,912,0,0,1,0,2,1,2,5,0,0,,Attchd,1964.0
0,0,0,0,1211,0,0,1211,0,0,1,0,3,1,2,5,0,1,2,Attchd,1968.0
0,0,0,0,1168,678,0,1846,0,0,2,0,3,1,2,7,0,1,1,Attchd,1949.0
0,2,1,1,2136,0,0,2136,0,0,2,0,4,1,2,7,3,0,,Detchd,1951.0
0,0,0,0,788,702,0,1490,1,0,2,1,3,1,1,8,0,1,1,Attchd,2004.0
0,0,0,0,1138,0,0,1138,0,1,1,0,3,1,2,6,0,0,,Attchd,1958.0
0,0,0,0,894,1039,0,1933,0,0,2,1,4,1,1,9,0,1,1,BuiltIn,2007.0
0,0,0,0,912,0,0,912,1,0,1,0,2,1,1,5,0,0,,Detchd,1992.0
0,0,0,0,1702,0,0,1702,1,0,1,1,1,1,0,7,0,1,1,Attchd,2008.0
0,1,0,0,1507,0,0,1507,0,0,2,0,4,1,2,7,4,0,,Basment,1960.0
0,0,0,0,1361,1259,0,2620,0,0,2,2,4,2,2,12,0,1,2,BuiltIn,1977.0
0,2,0,0,1190,0,0,1190,1,0,1,0,3,1,2,6,0,0,,Attchd,1962.0
0,2,0,0,1224,0,0,1224,0,0,2,0,2,2,2,6,0,0,,CarPort,1962.0
0,3,0,0,1188,0,0,1188,1,0,1,0,3,1,2,6,0,0,,Attchd,1959.0
0,2,1,1,1024,940,0,1964,0,0,1,1,4,1,2,7,0,0,,,
0,1,0,2,892,892,0,1784,0,0,1,1,4,1,2,9,0,0,,Detchd,1914.0
0,0,0,0,764,862,0,1626,0,0,2,1,2,1,1,6,0,0,,BuiltIn,2003.0
0,0,0,0,847,1101,0,1948,0,0,2,1,4,1,1,8,0,1,1,BuiltIn,2004.0
0,0,0,0,1141,0,0,1141,0,0,1,1,3,1,2,6,0,0,,Detchd,2005.0
0,0,0,0,1484,0,0,1484,0,0,2,0,2,1,0,6,0,1,1,Attchd,2006.0
0,0,0,0,884,884,0,1768,1,0,2,1,3,1,1,8,0,0,,Attchd,2003.0
0,0,0,0,1689,0,0,1689,0,0,2,0,3,1,1,7,0,0,,Attchd,2007.0
0,2,0,0,1173,0,0,1173,1,0,2,0,3,1,1,6,0,2,2,Attchd,1974.0
0,0,0,0,2076,0,0,2076,1,0,2,1,2,1,0,7,0,1,1,Attchd,2006.0
0,3,0,0,792,725,0,1517,0,0,1,0,3,1,1,7,0,2,1,Detchd,1931.0
0,0,0,0,1140,728,0,1868,0,0,3,1,3,1,2,7,0,1,2,BuiltIn,1984.0
0,0,0,0,756,797,0,1553,0,0,2,1,3,1,1,6,0,0,,Attchd,2005.0
0,2,0,0,1034,0,0,1034,1,0,1,0,3,1,2,6,0,0,,Attchd,1976.0
OthW,3,1,0,1134,924,0,2058,0,0,1,1,3,1,2,8,0,1,1,Detchd,1950.0
0,2,0,0,988,0,0,988,0,0,1,0,3,1,2,6,0,0,,Attchd,1950.0
0,0,0,0,2110,0,0,2110,1,0,2,1,3,1,0,8,0,2,2,Attchd,1968.0
0,0,0,0,1405,0,0,1405,0,0,2,0,2,1,1,6,0,1,1,Attchd,2003.0
0,2,0,0,874,0,0,874,1,0,1,0,3,1,2,5,0,0,,Attchd,1968.0
0,2,0,0,1516,651,0,2167,1,0,2,1,3,1,1,9,0,2,1,Attchd,1974.0
0,0,0,0,760,896,0,1656,0,0,2,1,3,1,1,7,0,1,1,BuiltIn,2003.0
0,2,0,1,959,408,0,1367,0,0,1,0,3,1,2,6,0,1,1,Detchd,1978.0
0,0,0,0,1987,0,0,1987,1,0,2,0,2,1,1,7,0,1,2,Attchd,1994.0
0,0,0,0,864,0,0,864,0,0,1,0,2,1,2,4,0,0,,,
0,0,0,0,1166,0,0,1166,1,0,2,0,2,1,1,5,0,0,,Attchd,2005.0
0,1,0,0,1054,0,0,1054,1,0,1,1,3,1,2,6,0,0,,Attchd,1969.0
0,0,0,0,892,783,0,1675,0,0,2,1,3,1,2,7,0,1,2,BuiltIn,1999.0
0,1,0,0,1050,0,0,1050,0,0,1,0,2,1,2,5,0,0,,Attchd,1956.0
0,0,0,1,1104,684,0,1788,1,0,1,0,5,1,2,8,2,2,2,Attchd,1957.0
0,0,0,1,1060,764,0,1824,0,0,1,0,3,1,2,8,0,1,1,Detchd,1940.0
0,0,0,0,1337,0,0,1337,1,0,2,0,2,1,1,5,0,0,,Attchd,1998.0
0,0,0,0,713,739,0,1452,1,0,2,1,3,1,1,6,0,0,,Detchd,1999.0
0,2,1,2,964,925,0,1889,0,0,1,1,4,2,2,9,0,1,1,Detchd,1960.0
0,0,0,0,2018,0,0,2018,0,0,2,0,3,1,0,10,0,1,1,Attchd,2009.0
0,0,0,0,1968,1479,0,3447,0,0,3,1,4,1,1,11,0,2,1,BuiltIn,1982.0
1,2,0,1,874,650,0,1524,0,0,1,1,3,1,2,7,0,0,,Attchd,1958.0
0,2,0,0,1332,192,0,1524,2,0,0,1,0,1,1,4,0,1,2,Attchd,1979.0
0,1,0,0,1489,0,0,1489,0,0,2,0,3,1,1,7,0,1,1,Attchd,1968.0
0,2,0,0,935,0,0,935,1,0,1,0,3,1,2,5,0,0,,Attchd,1965.0
0,1,0,0,1357,0,0,1357,1,0,1,0,2,1,0,5,0,1,1,Basment,1959.0
0,0,0,0,661,589,0,1250,0,0,2,0,3,1,2,8,0,1,1,Detchd,1985.0
0,1,0,1,928,992,0,1920,0,0,2,0,4,2,2,10,0,0,,Detchd,1948.0
0,2,0,0,735,660,0,1395,0,1,1,1,3,1,2,6,0,1,2,Attchd,1972.0
0,3,0,0,1724,0,0,1724,1,0,1,1,3,1,2,7,0,1,1,Attchd,1967.0
0,0,0,0,1128,903,0,2031,1,0,2,1,3,1,1,7,0,1,1,Attchd,2002.0
0,2,0,1,698,430,0,1128,0,0,1,0,2,1,2,6,0,0,,Detchd,1980.0
0,0,0,0,1573,0,0,1573,1,0,2,0,3,1,1,6,0,0,,Attchd,2002.0
0,2,0,0,1339,0,0,1339,1,0,2,0,2,1,2,6,0,1,2,Attchd,1990.0
0,2,0,0,1040,0,0,1040,0,0,2,0,3,1,1,5,0,0,,Detchd,1977.0
0,2,0,0,912,912,0,1824,0,0,2,2,4,2,2,8,0,0,,,
0,0,0,0,1699,748,0,2447,0,0,2,0,4,1,1,10,2,1,1,Detchd,1969.0
0,0,0,2,825,587,0,1412,0,0,1,0,4,1,2,6,0,1,1,Detchd,1939.0
0,2,0,0,1328,0,0,1328,1,0,1,1,3,1,2,6,0,2,1,Attchd,1963.0
0,3,0,0,1582,0,0,1582,0,1,2,0,4,1,2,7,0,0,,Attchd,1964.0
0,0,0,0,1659,0,0,1659,1,0,2,0,2,1,0,5,0,1,0,Attchd,2000.0
0,0,0,0,1120,850,0,1970,0,0,2,1,3,1,0,8,0,1,1,BuiltIn,2006.0
0,2,0,0,1152,0,0,1152,1,0,1,0,3,1,2,6,0,1,1,Attchd,1964.0
0,2,0,0,630,672,0,1302,0,0,2,1,3,1,2,6,0,0,,Detchd,1972.0
0,2,1,0,1378,994,0,2372,0,0,2,0,4,2,2,11,2,0,,Attchd,1985.0
0,2,0,0,832,832,0,1664,0,0,2,1,4,1,2,8,0,1,2,Attchd,1976.0
0,2,0,0,864,0,0,864,1,0,1,0,2,1,2,5,0,0,,Detchd,1957.0
0,1,0,0,1052,0,0,1052,1,0,1,1,3,1,2,5,0,0,,Attchd,1968.0
0,1,0,0,1128,0,0,1128,1,0,2,0,3,1,2,6,0,0,,Attchd,1963.0
0,1,0,0,1072,0,0,1072,1,0,2,0,2,1,2,5,0,0,,Basment,2005.0
0,0,0,0,4692,950,0,5642,2,0,2,1,3,1,0,12,0,3,1,Attchd,2008.0
0,0,0,0,1246,0,0,1246,1,0,1,1,3,1,1,6,0,0,,Attchd,1959.0
0,0,0,0,1005,978,0,1983,0,0,2,1,3,1,1,9,0,1,2,Attchd,1999.0
0,3,0,0,753,741,0,1494,0,0,1,0,3,1,1,7,0,2,1,Attchd,1942.0
0,0,0,0,1203,1323,0,2526,1,0,2,1,4,1,1,8,0,1,2,Attchd,1994.0
0,0,0,0,1616,0,0,1616,0,0,2,0,3,1,1,7,0,0,,Attchd,2005.0
0,0,0,0,976,732,0,1708,0,0,2,0,3,1,1,7,4,0,,Detchd,2004.0
0,0,0,0,1652,0,0,1652,1,0,2,0,2,1,0,6,0,2,0,Attchd,2006.0
0,0,0,0,1368,0,0,1368,0,0,2,0,2,1,1,6,0,1,1,Attchd,2005.0
0,0,0,0,990,0,0,990,1,0,1,0,3,1,2,5,0,0,,Detchd,2000.0
0,0,0,0,1122,0,0,1122,1,0,1,0,2,1,1,6,0,0,,Attchd,1948.0
0,1,0,0,1294,0,0,1294,1,0,2,0,3,1,1,6,0,0,,Attchd,1991.0
0,2,0,0,1902,0,0,1902,1,0,2,0,3,1,0,7,0,2,2,Attchd,1959.0
0,0,0,0,1274,0,0,1274,1,0,2,0,3,1,1,6,0,0,,Attchd,2005.0
0,0,0,0,1453,1357,0,2810,0,0,2,1,4,1,1,9,0,1,0,Attchd,1990.0
0,0,0,0,1422,1177,0,2599,0,0,2,1,4,1,1,10,0,1,2,BuiltIn,1999.0
0,0,0,0,948,0,0,948,1,0,1,0,3,1,2,5,0,1,2,Detchd,1956.0
0,2,0,0,1092,1020,0,2112,0,0,2,1,4,1,2,9,0,2,1,Attchd,1969.0
0,0,0,0,1630,0,0,1630,1,0,2,0,3,1,0,8,0,1,1,Attchd,2008.0
0,0,0,0,1352,0,0,1352,0,0,2,0,2,1,1,5,0,1,1,Attchd,2006.0
0,0,0,0,1787,0,0,1787,0,0,2,0,3,1,1,7,0,1,2,Attchd,2001.0
0,0,0,0,948,0,0,948,0,0,1,0,3,1,2,5,0,0,,Attchd,1954.0
0,1,0,0,1478,0,0,1478,1,0,1,1,3,1,2,6,0,2,1,Attchd,1957.0
Floor,2,1,0,720,0,0,720,0,0,1,0,2,1,2,4,0,0,,Detchd,1955.0
0,0,0,0,1061,862,0,1923,1,0,2,1,3,1,1,8,0,1,2,Attchd,1992.0
0,1,0,0,708,0,0,708,0,0,1,0,2,1,3,5,0,0,,,
0,0,0,0,1795,0,0,1795,0,0,2,0,2,1,1,7,0,1,1,Attchd,2007.0
0,3,1,0,796,0,0,796,0,0,1,0,2,1,2,5,0,0,,,
0,0,0,0,774,0,0,774,0,0,1,0,3,1,1,6,0,0,,,
0,0,0,0,816,0,0,816,0,1,1,0,3,1,1,5,0,1,0,Attchd,1982.0
1,0,0,0,1584,1208,0,2792,0,0,2,0,5,1,2,8,3,2,2,Detchd,1920.0
0,1,0,0,955,677,0,1632,0,0,2,1,3,1,2,8,0,1,2,Attchd,1998.0
0,0,0,0,1588,0,0,1588,0,0,2,0,3,1,1,7,0,1,1,Attchd,2006.0
0,1,0,0,954,0,0,954,0,0,1,0,3,1,2,6,0,0,,Detchd,1976.0
0,0,0,0,816,0,0,816,1,0,1,0,2,1,2,3,0,1,1,Detchd,1958.0
0,0,0,0,803,557,0,1360,0,0,1,1,2,1,1,6,0,0,,Detchd,1951.0
0,2,0,0,765,600,0,1365,0,0,1,1,3,1,2,7,1,0,,Attchd,1970.0
0,2,0,0,1334,0,0,1334,0,1,2,0,2,1,2,6,0,1,2,Attchd,1977.0
0,2,0,0,1656,0,0,1656,0,0,2,0,4,2,2,8,0,0,,Detchd,1973.0
Grav,3,1,1,693,0,0,693,0,0,1,0,2,1,3,4,0,0,,,
0,0,0,0,920,941,0,1861,1,0,2,1,3,1,1,8,0,0,,BuiltIn,2002.0
0,0,0,0,864,0,0,864,0,0,1,0,3,1,2,5,0,0,,Attchd,1972.0
0,2,0,0,872,0,0,872,0,0,1,0,3,1,2,5,0,0,,Detchd,1974.0
0,0,0,0,1114,0,0,1114,1,0,1,0,3,1,1,6,0,0,,Detchd,2004.0
0,0,0,0,1284,885,0,2169,0,0,2,1,3,1,1,7,0,1,1,Attchd,2002.0
0,1,0,0,1172,741,0,1913,0,0,1,1,3,1,2,9,0,1,2,Detchd,1929.0
0,0,0,0,728,728,0,1456,0,0,2,1,3,1,1,8,0,1,2,Attchd,2006.0
0,1,0,1,960,0,0,960,0,0,1,0,2,1,3,5,0,0,,Detchd,1997.0
0,2,0,0,2156,0,0,2156,0,0,2,0,3,1,2,9,0,1,1,Attchd,1968.0
0,0,0,0,1776,0,0,1776,1,0,2,0,3,1,1,7,0,1,1,Attchd,2006.0
0,0,0,0,1494,0,0,1494,1,0,2,0,3,1,1,5,0,1,3,Attchd,1998.0
OthW,3,1,0,938,1215,205,2358,0,0,2,0,4,1,2,8,0,0,,,
0,2,0,0,1338,1296,0,2634,1,1,2,2,6,2,2,12,0,0,,Detchd,1969.0
0,0,0,0,858,858,0,1716,0,0,1,1,4,1,2,8,0,1,1,Attchd,1962.0
0,2,0,0,786,390,0,1176,0,0,1,0,2,1,2,4,0,0,,Detchd,1999.0
0,0,0,0,2053,1185,0,3238,1,0,2,1,4,1,1,9,0,1,0,Attchd,1996.0
0,0,0,0,992,873,0,1865,1,0,2,1,3,1,1,7,0,1,2,Attchd,2000.0
0,1,0,0,1222,698,0,1920,0,0,3,0,4,1,1,8,0,1,2,Attchd,1968.0
0,2,0,0,892,0,0,892,0,0,1,0,3,1,2,5,0,0,,Attchd,1966.0
0,0,0,0,1078,0,0,1078,1,0,1,1,3,1,2,6,0,1,3,Attchd,1971.0
0,0,0,0,769,804,0,1573,0,0,2,1,3,1,1,5,0,0,,Detchd,2000.0
0,0,0,0,1980,0,0,1980,1,0,2,0,3,1,0,8,0,1,1,Attchd,2004.0
0,0,0,0,990,1611,0,2601,0,0,3,1,4,1,2,8,0,0,,BuiltIn,1998.0
0,0,0,0,1530,0,0,1530,1,0,2,0,3,1,1,7,0,1,1,Attchd,2005.0
0,1,0,0,1281,457,0,1738,0,0,2,0,4,1,2,7,0,1,1,Attchd,1920.0
0,0,0,0,616,796,0,1412,0,0,2,1,3,1,1,6,0,1,1,BuiltIn,2007.0
0,0,0,0,520,600,80,1200,0,0,2,1,2,1,1,4,0,0,,Detchd,2005.0
0,0,0,0,814,860,0,1674,1,0,2,1,3,1,1,7,0,0,,Attchd,2000.0
0,0,0,0,882,908,0,1790,1,0,2,1,3,1,1,7,0,0,,Attchd,1999.0
0,0,0,0,925,550,0,1475,0,0,2,0,4,1,2,6,0,1,2,Attchd,1977.0
0,0,0,0,848,0,0,848,1,0,1,0,1,1,1,4,0,0,,Attchd,2003.0
0,0,0,0,1668,0,0,1668,1,0,2,0,3,1,1,8,0,1,2,Attchd,2003.0
0,0,0,0,840,534,0,1374,0,0,1,0,2,1,2,6,0,0,,Detchd,1967.0
0,1,0,0,1661,0,0,1661,1,0,1,0,3,1,1,8,0,1,2,BuiltIn,1955.0
0,0,0,0,1108,989,0,2097,1,0,2,1,3,1,1,8,0,1,2,Detchd,1998.0
0,0,0,0,2633,0,0,2633,1,0,2,1,2,1,0,8,0,2,1,Attchd,2001.0
0,0,0,0,1026,932,0,1958,0,0,2,1,3,1,1,9,0,1,1,Attchd,2005.0
0,0,0,0,1571,0,0,1571,0,0,2,0,3,1,1,7,0,1,1,Attchd,2007.0
0,2,1,0,790,0,0,790,0,0,1,0,2,1,2,4,0,0,,Detchd,1925.0
0,0,0,0,984,620,0,1604,0,0,2,0,3,1,2,6,2,0,,Detchd,1977.0
0,2,0,0,483,504,0,987,0,0,1,1,2,1,2,5,0,0,,Detchd,1973.0
0,1,0,,754,640,0,1394,0,0,2,1,3,1,1,7,0,0,,BuiltIn,2007.0
0,2,1,2,864,0,0,864,1,0,1,0,2,1,2,5,0,0,,Detchd,1938.0
0,0,0,0,2117,0,0,2117,0,0,2,1,4,1,2,7,0,2,1,Attchd,1970.0
0,0,0,0,998,764,0,1762,1,0,1,1,4,1,1,8,0,0,,Detchd,1989.0
0,0,0,0,1416,0,0,1416,0,0,2,0,3,1,1,7,0,0,,Attchd,2007.0
0,2,0,0,698,560,0,1258,0,0,1,0,2,1,2,6,0,0,,Detchd,1939.0
0,1,0,0,796,358,0,1154,1,0,1,0,3,1,1,7,0,0,,Detchd,1922.0
0,2,0,0,1392,1392,0,2784,1,0,3,1,5,1,1,12,0,2,2,Attchd,1978.0
1,2,1,0,1664,862,0,2526,0,0,2,0,5,1,1,10,0,1,1,Detchd,1916.0
0,0,0,0,1746,0,0,1746,1,0,2,0,3,1,0,7,0,2,1,Attchd,2006.0
0,0,0,0,869,349,0,1218,0,1,1,0,3,1,2,6,0,1,1,Detchd,2003.0
0,0,0,0,1525,0,0,1525,1,0,2,0,3,1,1,6,0,0,,Attchd,2000.0
0,2,0,0,1584,0,0,1584,0,0,2,0,4,2,2,8,3,0,,Detchd,1967.0
0,2,0,0,900,0,0,900,1,0,1,0,3,1,2,6,0,1,4,Attchd,1967.0
0,0,1,0,1221,691,0,1912,0,0,2,0,3,2,2,7,0,1,2,Detchd,2003.0
0,0,0,0,1500,0,0,1500,1,0,2,0,2,1,1,6,0,1,1,Attchd,2006.0
0,0,0,0,1133,1349,0,2482,0,0,2,1,4,1,1,9,0,1,1,BuiltIn,2005.0
0,2,0,0,1687,0,0,1687,1,0,1,0,3,1,2,7,1,2,2,Detchd,1966.0
0,0,0,0,939,574,0,1513,0,0,1,1,4,1,2,8,0,0,,Detchd,1933.0
0,1,0,1,1136,768,0,1904,1,0,1,1,3,1,2,7,1,0,,Attchd,1950.0
0,0,0,0,1160,448,0,1608,0,0,2,1,3,1,1,7,0,1,1,Detchd,1925.0
0,2,0,0,950,208,0,1158,0,0,1,0,3,1,2,5,0,1,1,BuiltIn,1929.0
0,0,0,0,864,729,0,1593,1,0,2,1,3,1,2,8,0,1,2,Attchd,2004.0
0,0,0,0,1294,0,0,1294,0,0,2,0,2,1,1,6,0,1,1,Attchd,2006.0
0,0,0,0,1464,0,0,1464,1,0,2,0,3,1,1,6,0,0,,Attchd,2007.0
0,2,0,0,694,520,0,1214,0,0,1,0,3,1,2,6,0,0,,Detchd,1998.0
0,0,0,0,1646,0,0,1646,1,1,2,0,2,1,1,5,0,1,1,Attchd,2004.0
0,2,0,0,768,0,0,768,1,0,1,0,2,1,2,5,0,0,,Detchd,1988.0
0,0,0,0,833,0,0,833,1,0,1,0,3,1,2,5,0,0,,,
0,1,0,0,741,622,0,1363,0,0,1,0,3,1,2,6,0,0,,Detchd,1966.0
0,1,0,0,1236,857,0,2093,0,0,2,1,3,1,2,7,0,1,2,Attchd,1986.0
0,0,0,0,944,896,0,1840,1,0,2,1,3,1,1,6,0,0,,Attchd,2001.0
0,0,0,0,1112,556,0,1668,0,0,1,1,3,1,2,6,2,0,,Attchd,1950.0
3,3,1,2,1040,0,0,1040,0,0,2,0,2,2,2,6,0,0,,Detchd,1956.0
0,0,0,0,1844,0,0,1844,1,0,2,0,2,1,1,7,0,1,1,Attchd,2005.0
0,1,0,0,1053,795,0,1848,0,0,1,1,4,1,1,8,0,1,1,Detchd,1922.0
0,0,0,0,1569,0,0,1569,0,1,2,0,1,1,1,7,0,1,2,Attchd,2007.0
0,1,0,0,1246,1044,0,2290,0,0,2,0,4,2,2,11,0,0,,Detchd,1971.0
0,0,0,0,1310,1140,0,2450,1,0,2,1,3,1,1,7,0,1,2,Attchd,1998.0
0,2,0,0,1144,0,0,1144,1,0,1,1,3,1,2,6,0,0,,Detchd,1962.0
0,1,0,0,1844,0,0,1844,1,0,2,0,3,1,1,7,0,1,2,Attchd,1969.0
0,1,0,0,708,708,0,1416,0,0,2,1,3,1,2,7,0,1,2,Attchd,1968.0
0,2,0,0,1069,0,0,1069,0,0,2,0,2,1,2,4,0,1,3,Attchd,1977.0
0,0,0,0,848,0,0,848,1,0,1,0,1,1,1,3,0,0,,Attchd,2003.0
0,2,0,0,1575,626,0,2201,0,0,2,0,4,1,1,8,0,1,1,Attchd,1966.0
0,2,0,0,1344,0,0,1344,1,0,1,0,2,1,2,6,1,1,2,Detchd,1970.0
0,0,0,0,1252,0,0,1252,0,0,1,0,3,1,1,7,0,0,,Detchd,1960.0
0,0,0,0,1223,904,0,2127,1,0,2,1,3,1,1,5,0,2,2,Attchd,1994.0
0,2,0,1,1048,510,0,1558,1,0,1,1,3,1,2,6,0,1,2,Attchd,1962.0
0,2,0,0,804,0,0,804,1,0,1,0,2,1,1,4,0,2,1,Attchd,1940.0
0,0,0,0,1440,0,0,1440,0,0,2,0,3,1,1,7,0,1,2,Attchd,1981.0
0,0,0,0,734,1104,0,1838,0,0,2,1,4,1,2,7,0,1,1,BuiltIn,2005.0
0,2,0,0,958,0,0,958,0,0,2,0,2,1,2,5,0,0,,Attchd,1976.0
0,2,0,0,968,0,0,968,0,0,2,0,4,1,2,5,0,0,,Detchd,1928.0
0,0,0,0,962,830,0,1792,1,0,2,1,3,1,2,8,0,1,2,Attchd,2000.0
0,3,0,0,1126,0,0,1126,1,0,2,0,3,1,2,5,0,1,1,Attchd,1977.0
0,2,0,0,1537,0,0,1537,1,0,1,1,3,1,1,7,0,1,1,Attchd,1962.0
0,2,0,0,864,0,0,864,0,0,1,0,3,1,2,5,0,0,,Detchd,1974.0
0,0,0,0,1932,0,0,1932,1,0,2,0,2,1,0,7,0,1,1,Attchd,2008.0
0,2,0,1,1236,0,0,1236,1,0,1,0,2,1,2,6,0,0,,Attchd,1957.0
0,2,0,0,1040,685,0,1725,0,0,2,1,3,1,2,6,0,1,2,Attchd,1979.0
0,3,0,0,1423,748,384,2555,0,0,2,0,3,1,2,11,1,1,1,Detchd,1993.0
0,0,0,0,848,0,0,848,1,0,1,0,1,1,1,3,0,1,2,Attchd,2004.0
0,0,0,0,1026,981,0,2007,1,0,2,1,3,1,0,10,0,1,0,Attchd,2008.0
Grav,3,1,2,952,0,0,952,0,0,1,0,2,1,3,4,0,1,1,Detchd,1916.0
0,0,0,0,1422,0,0,1422,0,0,2,0,3,1,1,7,0,0,,Attchd,2004.0
0,1,0,0,913,0,0,913,1,0,1,0,3,1,2,6,0,0,,Detchd,1990.0
0,2,0,0,1188,0,0,1188,0,0,1,0,3,1,2,6,0,0,,Attchd,1962.0
0,0,0,0,1220,870,0,2090,1,0,2,1,3,1,1,8,0,1,2,Attchd,1995.0
0,1,1,0,796,550,0,1346,0,0,1,1,2,1,2,6,2,0,,Detchd,1950.0
0,0,0,0,630,0,0,630,1,0,1,0,1,1,0,3,0,0,,,
0,2,0,0,896,896,0,1792,0,0,2,2,4,2,2,8,0,0,,,
0,0,0,0,1578,0,0,1578,0,0,2,0,3,1,0,7,0,1,1,Attchd,2008.0
0,1,0,0,1072,0,0,1072,1,0,1,0,2,1,2,5,0,0,,Basment,2005.0
0,0,0,0,1140,0,0,1140,0,0,1,0,3,1,2,6,0,0,,,
0,0,0,0,1221,0,0,1221,1,0,2,0,2,1,1,6,0,0,,Attchd,2004.0
0,0,0,0,953,694,0,1647,0,0,2,1,3,1,2,7,0,1,2,Attchd,1999.0
0,2,0,0,2073,0,0,2073,1,0,2,0,3,1,2,7,1,2,2,Attchd,1978.0
0,0,0,0,1188,1152,0,2340,0,0,2,0,4,1,1,9,0,2,1,Attchd,1941.0
0,1,0,1,1078,0,0,1078,1,0,1,0,2,1,1,5,0,0,,Attchd,1950.0
0,1,0,0,1256,0,0,1256,1,0,1,1,3,1,2,6,0,0,,Attchd,1965.0
